Arbor_ID,Status,Protected_Object,Policy_Name,Target_Network,Protocol,Peak_Bandwidth,Peak_Bandwidth_bps,Peak_PPS,Peak_PPS_raw,Attack_Start,Attack_End,Duration_min,Mitigation_UP,Mitigation_DOWN,Source_Log_File
arbor_10590027,Completed,BBMM_LCM_02,BBMM_LCM_02_1@00f3de-0016e-0,199.47.56.180/32,UDP,273.9 Mbps,273930000,24.9K pps,24850,2026-03-01 12:15:37,2026-03-01 12:21:05,5,BBMM_LCM_02,BBMM_LCM_02,alert.2026-03-02_0911.log
arbor_10590296,Completed,SOC_IAAS_W6017_WHI_CGNATv4,SOC_IAAS_W6017_WHI_CGNATv4_1@00f3df-00027-0,142.127.7.109/32,OTHER,900.1 Mbps,900100000,1.00M pps,1000000,2026-03-02 07:40:24,2026-03-02 07:47:04,6,SOC_IAAS_W6017_WHI_CGNATv4,,alert.2026-03-02_0911.log
arbor_10590299,Completed,SOC_IAAS_W6017_WHI_CGNATv4,SOC_IAAS_W6017_WHI_CGNATv4_1@00f3df-00027-0,142.127.7.109/32,OTHER,23.47 Gbps,23470000000,,0,2026-03-02 07:47:28,2026-03-02 07:53:01,5,,SOC_IAAS_W6017_WHI_CGNATv4,alert.2026-03-02_0911.log
arbor_10590303,Completed,SOC-AliantDNS-01,,198.164.4.2/32,OTHER,11.3 Mbps,11330000,16.9K pps,16890,2026-03-02 08:11:52,2026-03-02 08:20:04,8,SOC-AliantDNS-01,,alert.2026-03-02_0911.log
arbor_10590304,Completed,SOC-AliantDNS-01,,198.164.30.2/32,OTHER,12.0 Mbps,11960000,17.9K pps,17900,2026-03-02 08:11:52,2026-03-02 08:20:04,8,SOC-AliantDNS-01,,alert.2026-03-02_0911.log
arbor_10590309,Completed,SOC-Cove-01,,69.158.192.86/32,OTHER,2.3 Mbps,2300000,267 pps,267,2026-03-02 08:31:11,2026-03-02 08:37:05,5,SOC-Cove-01 (Pending),,alert.2026-03-02_0911.log
arbor_10590316,Completed,SOC-Cove-01,,206.47.205.2/32,OTHER,4.8 Mbps,4850000,533 pps,533,2026-03-02 09:00:37,2026-03-02 09:05:02,4,SOC-Cove-01 (Pending),,alert.2026-03-02_0911.log
arbor_10590322,Completed,SOC_IAAS_W6017_WHI_CGNATv4,SOC_IAAS_W6017_WHI_CGNATv4_1@00f3e4-00027-0,142.127.6.25/32,OTHER,4.85 Gbps,4850000000,1.00M pps,1000000,2026-03-02 10:02:29,2026-03-02 10:07:00,4,SOC_IAAS_W6017_WHI_CGNATv4,SOC_IAAS_W6017_WHI_CGNATv4,alert.2026-03-02_0911.log
arbor_10590328,Completed,BBMM-GOO-BB-14,BBMM-GOO-BB-14_1@00f3e5-00183-0,142.127.106.177/32,UDP,101.3 Mbps,101280000,10.0K pps,10000,2026-03-02 10:43:07,2026-03-02 10:49:02,5,BBMM-GOO-BB-14,BBMM-GOO-BB-14,alert.2026-03-02_0911.log
arbor_10590346,Completed,BBMM-MOR-01,BBMM-MOR-01_1@00f3e6-00148-0,206.47.250.154/32,OTHER,539.9 Mbps,539910000,53.8K pps,53760,2026-03-02 12:48:51,2026-03-02 12:53:02,4,BBMM-MOR-01,BBMM-MOR-01,alert.2026-03-02_0911.log
arbor_10590349,Completed,BBMM-MOR-01,BBMM-MOR-01_1@00f3e7-00148-0,206.47.250.154/32,OTHER,504.6 Mbps,504550000,51.3K pps,51310,2026-03-02 13:15:53,2026-03-02 13:24:01,8,BBMM-MOR-01,BBMM-MOR-01,alert.2026-03-02_0911.log
arbor_10590393,Completed,BBMM-OMER-03,BBMM-OMER-03_1@00f3e8-00106-0,207.236.175.10/32,OTHER,777.7 Mbps,777740000,65.6K pps,65560,2026-03-02 15:09:54,2026-03-02 15:14:00,4,BBMM-OMER-03,BBMM-OMER-03,alert.2026-03-06_0051.log
arbor_10590394,Completed,BBMM-MOR-01,BBMM-MOR-01_1@00f3ea-00148-0,206.47.250.154/32,OTHER,552.2 Mbps,552210000,56.6K pps,56560,2026-03-02 15:20:52,2026-03-02 15:25:03,4,BBMM-MOR-01,BBMM-MOR-01,alert.2026-03-06_0051.log
arbor_10590395,Completed,SOC-Telebec-01,SOC-Telebec-01_1@00f3e9-00061-0,142.217.217.101/32,OTHER,325.9 Mbps,325860000,27.5K pps,27470,2026-03-02 15:20:30,2026-03-02 15:25:03,4,SOC-Telebec-01,SOC-Telebec-01,alert.2026-03-06_0051.log
arbor_10590412,Completed,BBMM-GOO-BB-16,BBMM-GOO-BB-16_1@00f3eb-00127-0,207.35.73.138/32,OTHER,309.7 Mbps,309730000,52.5K pps,52530,2026-03-02 16:29:44,2026-03-02 16:36:05,6,BBMM-GOO-BB-16,BBMM-GOO-BB-16,alert.2026-03-06_0051.log
arbor_10590421,Completed,BBMM-GOO-BB-19,BBMM-GOO-BB-19_1@00f3ec-00185-0,67.71.194.98/32,OTHER,10.1 Mbps,10130000,856 pps,856,2026-03-02 17:10:50,2026-03-02 17:25:02,14,BBMM-GOO-BB-19,BBMM-GOO-BB-19,alert.2026-03-06_0051.log
arbor_10590556,Completed,BBMM_LCM_02,BBMM_LCM_02_1@00f3ed-0016e-0,199.47.56.180/32,UDP,322.3 Mbps,322340000,22.4K pps,22420,2026-03-03 01:21:21,2026-03-03 01:32:04,10,BBMM_LCM_02,BBMM_LCM_02,alert.2026-03-06_0051.log
arbor_10590561,Completed,BBMM_LCM_02,BBMM_LCM_02_1@00f3ee-0016e-0,199.47.56.180/32,UDP,399.1 Mbps,399110000,26.7K pps,26680,2026-03-03 01:34:35,2026-03-03 01:42:02,7,BBMM_LCM_02,BBMM_LCM_02,alert.2026-03-06_0051.log
arbor_10590662,Completed,BBMM-SAIN-01,BBMM-SAIN-01_1@00f3ef-000b9-0,216.208.108.245/32,OTHER,"64,160 bps",64160,134 pps,134,2026-03-03 09:45:52,2026-03-03 09:50:03,4,BBMM-SAIN-01,BBMM-SAIN-01,alert.2026-03-06_0051.log
arbor_10590672,Completed,BBMM_LCM_02,BBMM_LCM_02_1@00f3f0-0016e-0,199.47.56.180/32,UDP,251.2 Mbps,251220000,22.9K pps,22920,2026-03-03 12:12:34,2026-03-03 12:17:00,4,BBMM_LCM_02,BBMM_LCM_02,alert.2026-03-06_0051.log
arbor_10590692,Completed,BBMM-OMER-03,BBMM-OMER-03_1@00f3f1-00106-0,207.236.175.10/32,OTHER,946.9 Mbps,946910000,84.5K pps,84450,2026-03-03 14:07:52,2026-03-03 14:12:03,4,BBMM-OMER-03,BBMM-OMER-03,alert.2026-03-06_0051.log
arbor_10590695,Completed,BBMM-HAH-01,BBMM-HAH-01_1@00f3f2-00173-0,204.101.158.194/32,UDP,522.3 Mbps,522320000,45.5K pps,45470,2026-03-03 14:39:42,2026-03-03 14:44:02,4,BBMM-HAH-01,BBMM-HAH-01,alert.2026-03-06_0051.log
arbor_10590785,Completed,BBMM-GOO-BB-13,BBMM-GOO-BB-13_1@00f3f3-00182-0,174.90.90.242/32,OTHER,144.9 Mbps,144940000,12.5K pps,12460,2026-03-03 16:28:53,2026-03-03 16:45:03,16,BBMM-GOO-BB-13,BBMM-GOO-BB-13,alert.2026-03-06_0051.log
arbor_10590787,Completed,SOC-DORVAL-01,SOC-DORVAL-01_1@00f3f4-000a0-0,67.69.243.62/32,OTHER,1.63 Gbps,1630000000,152.6K pps,152600,2026-03-03 16:28:53,2026-03-03 16:33:04,4,SOC-DORVAL-01,SOC-DORVAL-01,alert.2026-03-06_0051.log
arbor_10590903,Completed,BBMM-HAH-01,BBMM-HAH-01_1@00f3f5-00173-0,204.101.158.194/32,UDP,588.2 Mbps,588230000,56.4K pps,56400,2026-03-03 21:45:44,2026-03-03 21:50:03,4,BBMM-HAH-01,BBMM-HAH-01,alert.2026-03-06_0051.log
arbor_10591056,Completed,SOC_IAAS_W6017_WHI_CGNATv4,SOC_IAAS_W6017_WHI_CGNATv4_1@00f3f6-00027-0,142.127.6.210/32,OTHER,3.33 Gbps,3330000000,86.4K pps,86400,2026-03-04 10:33:37,2026-03-04 10:41:01,7,SOC_IAAS_W6017_WHI_CGNATv4,SOC_IAAS_W6017_WHI_CGNATv4,alert.2026-03-06_0051.log
arbor_10591072,Completed,BBMM-GMIC-01,BBMM-GMIC-01_1@00f3f7-0013f-0,207.164.26.130/32,OTHER,404.8 Mbps,404800000,36.4K pps,36430,2026-03-04 13:04:52,2026-03-04 13:18:02,13,BBMM-GMIC-01,BBMM-GMIC-01,alert.2026-03-06_0051.log
arbor_10591074,Completed,BBMM-GOO-BB-14,BBMM-GOO-BB-14_1@00f3f8-00183-0,70.54.218.18/32,UDP,98.0 Mbps,97970000,8.3K pps,8330,2026-03-04 13:24:21,2026-03-04 13:29:00,4,BBMM-GOO-BB-14,BBMM-GOO-BB-14,alert.2026-03-06_0051.log
arbor_10591080,Completed,BBMM-GOO-BB-16,BBMM-GOO-BB-16_1@00f3f9-00127-0,204.101.140.186/32,UDP,284.3 Mbps,284300000,21.9K pps,21900,2026-03-04 14:23:53,2026-03-04 14:38:02,14,BBMM-GOO-BB-16,BBMM-GOO-BB-16,alert.2026-03-06_0051.log
arbor_10591114,Completed,BBMM-SPHO-01,BBMM-SPHO-01_1@00f3fa-000f9-0,139.173.84.33/32,OTHER,40.7 Mbps,40710000,3.4K pps,3420,2026-03-04 15:10:52,2026-03-04 15:15:03,4,BBMM-SPHO-01,BBMM-SPHO-01,alert.2026-03-06_0051.log
arbor_10591122,Completed,BBMM-BCHS-06,BBMM-BCHS-06_1@00f3fb-00193-0,139.173.84.33/32,OTHER,51.6 Mbps,51610000,75.9K pps,75880,2026-03-04 15:24:52,2026-03-05 09:05:04,1060,BBMM-BCHS-06,BBMM-BCHS-06,alert.2026-03-06_0051.log
arbor_10591145,Completed,BBMM-HAC-01,BBMM-HAC-01_1@00f3fc-0017c-0,67.71.195.2/32,UDP,567.5 Mbps,567450000,49.9K pps,49870,2026-03-04 18:16:29,2026-03-04 18:21:04,4,BBMM-HAC-01,BBMM-HAC-01,alert.2026-03-06_0051.log
arbor_10591147,Completed,BBMM-GOO-BB-16,BBMM-GOO-BB-16_1@00f3fd-00127-0,204.101.124.210/32,OTHER,356.6 Mbps,356630000,30.5K pps,30530,2026-03-04 18:30:30,2026-03-04 18:35:04,4,BBMM-GOO-BB-16,BBMM-GOO-BB-16,alert.2026-03-06_0051.log
arbor_10591153,Completed,BBMM-LCBO-05,BBMM-LCBO-05_1@00f3fe-000f5-0,45.33.195.231/32,OTHER,907.7 Mbps,907740000,76.7K pps,76670,2026-03-04 18:57:43,2026-03-04 19:02:02,4,BBMM-LCBO-05,BBMM-LCBO-05,alert.2026-03-06_0051.log
arbor_10591158,Completed,BBMM-GOO-BB-16,BBMM-GOO-BB-16_1@00f3ff-00127-0,207.35.73.138/32,UDP,312.5 Mbps,312470000,32.8K pps,32800,2026-03-04 19:26:41,2026-03-04 19:31:03,4,BBMM-GOO-BB-16,BBMM-GOO-BB-16,alert.2026-03-06_0051.log
arbor_10591198,Completed,SOC-BTCE-OTT-01,SOC-BTCE-OTT-01_1@00f400-00147-0,184.150.213.180/32,OTHER,37.9 Mbps,37880000,24.6K pps,24650,2026-03-04 23:08:53,2026-03-04 23:15:03,6,SOC-BTCE-OTT-01,SOC-BTCE-OTT-01,alert.2026-03-06_0051.log
arbor_10591248,Completed,BBMM-SAIN-01,BBMM-SAIN-01_1@00f401-000b9-0,216.208.108.245/32,OTHER,"9,168 bps",9168,17 pps,17,2026-03-05 02:23:54,2026-03-05 02:28:04,4,BBMM-SAIN-01,BBMM-SAIN-01,alert.2026-03-06_0051.log
arbor_10591314,Completed,SOC_IAAS_F1252_WHI_CGNATv4,SOC_IAAS_F1252_WHI_CGNATv4_1@00f402-0005a-0,142.127.0.17/32,OTHER,4.00 Gbps,4000000000,753.7K pps,753730,2026-03-05 06:00:01,2026-03-05 06:06:02,6,SOC_IAAS_F1252_WHI_CGNATv4,SOC_IAAS_F1252_WHI_CGNATv4,alert.2026-03-06_0051.log
arbor_10591343,Completed,BBMM-BCHS-06,BBMM-BCHS-06_1@00f403-00193-0,139.173.84.33/32,OTHER,121.1 Mbps,121080000,166.2K pps,166160,2026-03-05 09:10:54,2026-03-05 09:30:02,19,BBMM-BCHS-06,BBMM-BCHS-06,alert.2026-03-06_0051.log
arbor_10591358,Completed,BBMM-BCHS-06,BBMM-BCHS-06_1@00f404-00193-0,139.173.84.33/32,OTHER,33.0 Mbps,32960000,56.0K pps,56040,2026-03-05 09:32:52,2026-03-05 10:08:00,35,BBMM-BCHS-06,BBMM-BCHS-06,alert.2026-03-06_0051.log
arbor_10591360,Completed,BBMM-BCHS-06,BBMM-BCHS-06_1@00f405-00193-0,139.173.84.33/32,OTHER,49.8 Mbps,49810000,60.3K pps,60340,2026-03-05 10:10:50,2026-03-05 10:36:04,25,BBMM-BCHS-06,BBMM-BCHS-06,alert.2026-03-06_0051.log
arbor_10591369,Completed,BBMM-BCHS-01,BBMM-BCHS-01_1@00f406-00142-0,205.233.160.184/32,OTHER,9.4 Mbps,9400000,7.0K pps,7020,2026-03-05 11:15:56,2026-03-05 11:21:00,5,BBMM-BCHS-01,BBMM-BCHS-01,alert.2026-03-06_0051.log
arbor_10591378,Completed,BBMM-BCHS-06,BBMM-BCHS-06_1@00f407-00193-0,139.173.84.33/32,OTHER,59.5 Mbps,59490000,102.2K pps,102180,2026-03-05 11:56:53,2026-03-05 12:03:03,6,BBMM-BCHS-06,BBMM-BCHS-06,alert.2026-03-06_0051.log
arbor_10591381,Completed,BBMM-BCHS-06,BBMM-BCHS-06_1@00f409-00193-0,139.173.84.33/32,OTHER,32.5 Mbps,32540000,50.4K pps,50430,2026-03-05 12:16:54,2026-03-05 13:26:04,69,BBMM-BCHS-06,BBMM-BCHS-06,alert.2026-03-06_0051.log
arbor_10591382,Completed,BBMM_LCM_02,BBMM_LCM_02_1@00f408-0016e-0,199.47.56.180/32,UDP,281.2 Mbps,281250000,27.0K pps,27010,2026-03-05 12:12:54,2026-03-05 12:19:04,6,BBMM_LCM_02,BBMM_LCM_02,alert.2026-03-06_0051.log
arbor_10591385,Completed,BBMM-GOO-BB-13,BBMM-GOO-BB-13_1@00f40a-00182-0,174.90.90.242/32,OTHER,120.5 Mbps,120520000,20.3K pps,20270,2026-03-05 12:34:51,2026-03-05 12:47:02,12,BBMM-GOO-BB-13,BBMM-GOO-BB-13,alert.2026-03-06_0051.log
arbor_10591401,Completed,BBMM-BCHS-06,BBMM-BCHS-06_1@00f40b-00193-0,139.173.84.33/32,OTHER,49.1 Mbps,49100000,81.7K pps,81660,2026-03-05 13:31:54,2026-03-05 19:19:03,347,BBMM-BCHS-06,BBMM-BCHS-06,alert.2026-03-06_0051.log
arbor_10591422,Completed,BBMM-GOO-07,BBMM-GOO-07_1@00f40c-0010a-0,206.172.39.52/32,OTHER,995.2 Mbps,995220000,103.9K pps,103890,2026-03-05 15:20:52,2026-03-05 15:32:03,11,BBMM-GOO-07,BBMM-GOO-07,alert.2026-03-06_0051.log
arbor_10591435,Completed,BBMM-GOO-07,BBMM-GOO-07_1@00f40d-0010a-0,206.172.39.52/32,OTHER,1.06 Gbps,1060000000,105.8K pps,105800,2026-03-05 15:42:52,2026-03-05 15:47:03,4,BBMM-GOO-07,BBMM-GOO-07,alert.2026-03-06_0051.log
arbor_10591440,Completed,BBMM-GOO-07,BBMM-GOO-07_1@00f40e-0010a-0,206.172.39.52/32,OTHER,993.1 Mbps,993100000,100.3K pps,100350,2026-03-05 16:32:54,2026-03-05 16:45:01,12,BBMM-GOO-07,BBMM-GOO-07,alert.2026-03-06_0051.log
arbor_10591446,Completed,BBMM-BCHS-06,BBMM-BCHS-06_2@00f40f-00193-0,139.173.84.44/32,OTHER,38.9 Mbps,38940000,4.0K pps,4000,2026-03-05 16:35:54,2026-03-05 19:19:03,163,BBMM-BCHS-06,BBMM-BCHS-06,alert.2026-03-06_0051.log
arbor_10591458,Completed,BBMM-BCHS-06,BBMM-BCHS-06_3@00f410-00193-0,139.173.84.174/32,OTHER,5.3 Mbps,5270000,470 pps,470,2026-03-05 17:01:53,2026-03-05 17:12:00,10,BBMM-BCHS-06,BBMM-BCHS-06,alert.2026-03-06_0051.log
arbor_10591466,Completed,BBMM-BCHS-06,BBMM-BCHS-06_3@00f411-00193-0,139.173.244.97/32,OTHER,3.9 Mbps,3870000,369 pps,369,2026-03-05 17:18:51,2026-03-05 17:24:02,5,BBMM-BCHS-06,BBMM-BCHS-06,alert.2026-03-06_0051.log
arbor_10591473,Completed,BBMM-BCHS-06,BBMM-BCHS-06_3@00f412-00193-0,139.173.84.174/32,OTHER,2.7 Mbps,2660000,235 pps,235,2026-03-05 17:28:52,2026-03-05 17:39:02,10,BBMM-BCHS-06,BBMM-BCHS-06,alert.2026-03-06_0051.log
arbor_10591481,Completed,BBMM-BCHS-06,BBMM-BCHS-06_4@00f414-00193-0,139.173.84.146/32,OTHER,6.3 Mbps,6300000,1.1K pps,1070,2026-03-05 17:50:53,2026-03-05 18:08:02,17,BBMM-BCHS-06,BBMM-BCHS-06,alert.2026-03-06_0051.log
arbor_10591482,Completed,BBMM-BCHS-06,BBMM-BCHS-06_3@00f413-00193-0,139.173.84.174/32,OTHER,17.9 Mbps,17920000,1.6K pps,1560,2026-03-05 17:49:53,2026-03-05 17:57:03,7,BBMM-BCHS-06,BBMM-BCHS-06,alert.2026-03-06_0051.log
arbor_10591489,Completed,BBMM-BCHS-06,BBMM-BCHS-06_3@00f415-00193-0,139.173.84.174/32,OTHER,37.6 Mbps,37590000,3.2K pps,3240,2026-03-05 18:09:52,2026-03-05 18:22:00,12,BBMM-BCHS-06,BBMM-BCHS-06,alert.2026-03-06_0051.log
arbor_10591490,Completed,BBMM-BCHS-06,BBMM-BCHS-06_4@00f417-00193-0,139.173.244.97/32,OTHER,2.8 Mbps,2810000,487 pps,487,2026-03-05 18:12:53,2026-03-05 18:22:00,9,BBMM-BCHS-06,BBMM-BCHS-06,alert.2026-03-06_0051.log
arbor_10591491,Completed,BBMM-MOR-01,BBMM-MOR-01_1@00f416-00148-0,206.47.224.4/32,OTHER,674.6 Mbps,674610000,56.2K pps,56240,2026-03-05 18:11:53,2026-03-05 18:16:00,4,BBMM-MOR-01,BBMM-MOR-01,alert.2026-03-06_0051.log
arbor_10591499,Completed,BBMM-MOR-01,BBMM-MOR-01_1@00f418-00148-0,206.47.224.4/32,OTHER,723.8 Mbps,723800000,60.4K pps,60350,2026-03-05 18:19:50,2026-03-05 18:24:01,4,BBMM-MOR-01,BBMM-MOR-01,alert.2026-03-06_0051.log
arbor_10591502,Completed,BBMM-BCHS-06,BBMM-BCHS-06_3@00f419-00193-0,139.173.84.146/32,OTHER,13.0 Mbps,13040000,1.3K pps,1340,2026-03-05 18:27:54,2026-03-05 18:40:01,12,BBMM-BCHS-06,BBMM-BCHS-06,alert.2026-03-06_0051.log
arbor_10591508,Completed,BBMM-BCHS-06,BBMM-BCHS-06_4@00f41a-00193-0,139.173.244.97/32,OTHER,2.6 Mbps,2630000,386 pps,386,2026-03-05 18:32:54,2026-03-05 18:54:03,21,BBMM-BCHS-06,BBMM-BCHS-06,alert.2026-03-06_0051.log
arbor_10591510,Completed,BBMM-GMIC-01,BBMM-GMIC-01_1@00f41b-0013f-0,207.164.26.130/32,OTHER,364.5 Mbps,364500000,35.6K pps,35650,2026-03-05 18:35:55,2026-03-05 18:41:01,5,BBMM-GMIC-01,BBMM-GMIC-01,alert.2026-03-06_0051.log
arbor_10591511,Completed,BBMM-GOO-BB-16,BBMM-GOO-BB-16_1@00f41c-00127-0,207.35.73.138/32,UDP,303.1 Mbps,303120000,26.6K pps,26580,2026-03-05 18:37:37,2026-03-05 18:42:02,4,BBMM-GOO-BB-16,BBMM-GOO-BB-16,alert.2026-03-06_0051.log
arbor_10591531,Completed,BBMM-BCHS-06,BBMM-BCHS-06_3@00f41d-00193-0,139.173.84.174/32,OTHER,15.8 Mbps,15780000,1.4K pps,1360,2026-03-05 19:07:53,2026-03-05 19:12:03,4,BBMM-BCHS-06,BBMM-BCHS-06,alert.2026-03-06_0051.log
arbor_10591540,Completed,BBMM-MOR-01,BBMM-MOR-01_1@00f41e-00148-0,206.47.224.4/32,OTHER,751.6 Mbps,751570000,62.6K pps,62630,2026-03-05 19:19:53,2026-03-05 19:24:04,4,BBMM-MOR-01,BBMM-MOR-01,alert.2026-03-06_0051.log
arbor_10591563,Completed,BBMM-OMER-03,BBMM-OMER-03_1@00f41f-00106-0,207.236.175.10/32,OTHER,912.2 Mbps,912210000,77.9K pps,77860,2026-03-05 20:37:55,2026-03-05 20:42:00,4,BBMM-OMER-03,BBMM-OMER-03,alert.2026-03-06_0051.log
arbor_10591750,Completed,SOC_IAAS_A0040_Consumer_CGNATv4,SOC_IAAS_A0040_Consumer_CGNATv4_1@00f420-00012-0,174.90.223.13/32,OTHER,23.72 Gbps,23720000000,90.0K pps,90020,2026-03-06 06:55:27,2026-03-06 07:01:03,5,SOC_IAAS_A0040_Consumer_CGNATv4,,alert.2026-03-12_0550.log
arbor_10591753,Completed,SOC_IAAS_A0040_Consumer_CGNATv4,SOC_IAAS_A0040_Consumer_CGNATv4_1@00f420-00012-0,174.90.223.13/32,OTHER,32.71 Gbps,32710000000,,0,2026-03-06 07:08:57,2026-03-06 07:15:03,6,,SOC_IAAS_A0040_Consumer_CGNATv4,alert.2026-03-12_0550.log
arbor_10591823,Completed,BBMM-GOO-BB-16,BBMM-GOO-BB-16_1@00f421-00127-0,204.101.124.210/32,OTHER,398.1 Mbps,398090000,34.1K pps,34080,2026-03-06 15:38:36,2026-03-06 15:43:01,4,BBMM-GOO-BB-16,BBMM-GOO-BB-16,alert.2026-03-12_0550.log
arbor_10591866,Completed,BBMM-GOO-07,BBMM-GOO-07_1@00f422-0010a-0,206.172.39.52/32,OTHER,937.6 Mbps,937560000,100.5K pps,100450,2026-03-06 17:21:54,2026-03-06 17:35:00,13,BBMM-GOO-07,BBMM-GOO-07,alert.2026-03-12_0550.log
arbor_10591872,Completed,SOC-DORVAL-01,SOC-DORVAL-01_1@00f423-000a0-0,206.172.0.206/32,OTHER,1.08 Gbps,1080000000,91.1K pps,91090,2026-03-06 17:49:52,2026-03-06 17:55:04,5,SOC-DORVAL-01,SOC-DORVAL-01,alert.2026-03-12_0550.log
arbor_10591878,Completed,SOC-DNSRCSRV-01,SOC-DNSRCSRV-01_1@00f424-00078-0,198.235.214.133/32,OTHER,"439,480 bps",439480,151 pps,151,2026-03-06 18:27:54,2026-03-06 18:32:04,4,SOC-DNSRCSRV-01,SOC-DNSRCSRV-01,alert.2026-03-12_0550.log
arbor_10592020,Completed,BBMM-GOO-BB-14,BBMM-GOO-BB-14_1@00f425-00183-0,142.127.106.177/32,UDP,99.1 Mbps,99100000,8.7K pps,8670,2026-03-07 03:23:37,2026-03-07 03:28:02,4,BBMM-GOO-BB-14,BBMM-GOO-BB-14,alert.2026-03-12_0550.log
arbor_10592203,Completed,SOC-CrownIT-01,SOC-CrownIT-01_1@00f426-000ff-0,142.113.119.97/32,OTHER,1.96 Gbps,1960000000,166.6K pps,166610,2026-03-07 20:17:52,2026-03-07 20:22:03,4,SOC-CrownIT-01,SOC-CrownIT-01,alert.2026-03-12_0550.log
arbor_10592232,Completed,SOC_IAAS_J0400_Consumer_CGNATv4,SOC_IAAS_J0400_Consumer_CGNATv4_1@00f427-0008f-0,216.208.243.170/32,OTHER,4.02 Gbps,4019999992,651.9K pps,651940,2026-03-07 21:51:11,2026-03-07 22:01:02,9,SOC_IAAS_J0400_Consumer_CGNATv4,,alert.2026-03-12_0550.log
arbor_10592236,Completed,SOC_IAAS_J0400_Consumer_CGNATv4,SOC_IAAS_J0400_Consumer_CGNATv4_1@00f427-0008f-0,216.208.243.170/32,OTHER,1.17 Gbps,1170000000,,0,2026-03-07 22:01:17,2026-03-07 22:09:04,7,,,alert.2026-03-12_0550.log
arbor_10592253,Completed,SOC_IAAS_J0400_Consumer_CGNATv4,SOC_IAAS_J0400_Consumer_CGNATv4_1@00f427-0008f-0,216.208.243.170/32,OTHER,1.30 Gbps,1300000000,,0,2026-03-07 23:04:43,2026-03-07 23:10:03,5,,,alert.2026-03-12_0550.log
arbor_10592259,Completed,SOC_IAAS_J0400_Consumer_CGNATv4,SOC_IAAS_J0400_Consumer_CGNATv4_1@00f427-0008f-0,216.208.243.170/32,OTHER,1.66 Gbps,1660000000,,0,2026-03-07 23:18:24,2026-03-07 23:23:01,4,,SOC_IAAS_J0400_Consumer_CGNATv4,alert.2026-03-12_0550.log
arbor_10592332,Completed,BBMM-SHAR-01,BBMM-SHAR-01_1@00f428-000d5-0,205.193.192.22/32,OTHER,4.9 Mbps,4860000,10.1K pps,10130,2026-03-08 03:24:14,2026-03-08 03:29:00,4,BBMM-SHAR-01,BBMM-SHAR-01,alert.2026-03-12_0550.log
arbor_10592334,Completed,SOC_IAAS_W6017_WHI_CGNATv4,SOC_IAAS_W6017_WHI_CGNATv4_1@00f429-00027-0,142.127.7.109/32,OTHER,5.25 Gbps,5250000000,96.0K pps,96020,2026-03-08 03:35:27,2026-03-08 03:42:01,6,SOC_IAAS_W6017_WHI_CGNATv4,,alert.2026-03-12_0550.log
arbor_10592343,Completed,SOC_IAAS_W6017_WHI_CGNATv4,SOC_IAAS_W6017_WHI_CGNATv4_2@00f42a-00027-0,142.127.7.68/32,OTHER,5.96 Gbps,5960000000,96.0K pps,96020,2026-03-08 03:58:29,2026-03-08 04:06:04,7,SOC_IAAS_W6017_WHI_CGNATv4,,alert.2026-03-12_0550.log
arbor_10592344,Completed,SOC_IAAS_W6017_WHI_CGNATv4,SOC_IAAS_W6017_WHI_CGNATv4_1@00f429-00027-0,142.127.7.109/32,OTHER,2.43 Gbps,2430000000,,0,2026-03-08 03:58:41,2026-03-08 04:10:00,11,,,alert.2026-03-12_0550.log
arbor_10592347,Completed,SOC_IAAS_W6017_WHI_CGNATv4,SOC_IAAS_W6017_WHI_CGNATv4_2@00f42a-00027-0,142.127.7.68/32,OTHER,23.06 Gbps,23060000000,,0,2026-03-08 04:08:58,2026-03-08 04:16:01,7,,SOC_IAAS_W6017_WHI_CGNATv4,alert.2026-03-12_0550.log
arbor_10592348,Completed,SOC_IAAS_W6017_WHI_CGNATv4,SOC_IAAS_W6017_WHI_CGNATv4_1@00f429-00027-0,142.127.7.109/32,OTHER,3.11 Gbps,3110000000,,0,2026-03-08 04:10:31,2026-03-08 04:20:02,9,,,alert.2026-03-12_0550.log
arbor_10592350,Completed,SOC_IAAS_W6017_WHI_CGNATv4,SOC_IAAS_W6017_WHI_CGNATv4_1@00f429-00027-0,142.127.7.109/32,OTHER,1.46 Gbps,1460000000,,0,2026-03-08 04:21:58,2026-03-08 04:29:03,7,,,alert.2026-03-12_0550.log
arbor_10592352,Completed,SOC_IAAS_W6017_WHI_CGNATv4,SOC_IAAS_W6017_WHI_CGNATv4_1@00f429-00027-0,142.127.7.109/32,OTHER,41.26 Gbps,41260000000,,0,2026-03-08 04:29:17,2026-03-08 04:46:01,16,,SOC_IAAS_W6017_WHI_CGNATv4,alert.2026-03-12_0550.log
arbor_10592360,Completed,SOC_IAAS_A0040_Consumer_CGNATv4,SOC_IAAS_A0040_Consumer_CGNATv4_1@00f42b-00012-0,174.90.223.250/32,UDP,10.96 Gbps,10960000000,851.1K pps,851070,2026-03-08 05:06:58,2026-03-08 05:13:04,6,SOC_IAAS_A0040_Consumer_CGNATv4,SOC_IAAS_A0040_Consumer_CGNATv4,alert.2026-03-12_0550.log
arbor_10592628,Completed,SOC_IAAS_W6017_WHI_CGNATv4,SOC_IAAS_W6017_WHI_CGNATv4_1@00f42c-00027-0,142.127.7.109/32,OTHER,4.05 Gbps,4050000000,489.9K pps,489900,2026-03-09 01:54:00,2026-03-09 02:05:01,11,SOC_IAAS_W6017_WHI_CGNATv4,SOC_IAAS_W6017_WHI_CGNATv4,alert.2026-03-12_0550.log
arbor_10592702,Completed,BBMM-OMER-02,BBMM-OMER-02_1@00f42d-00100-0,70.28.123.4/32,UDP,392.7 Mbps,392740000,40.4K pps,40440,2026-03-09 11:28:54,2026-03-09 11:33:04,4,BBMM-OMER-02,BBMM-OMER-02,alert.2026-03-12_0550.log
arbor_10592707,Completed,BBMM-GOO-BB-16,BBMM-GOO-BB-16_1@00f42e-00127-0,207.35.73.138/32,OTHER,379.7 Mbps,379670000,35.9K pps,35920,2026-03-09 12:15:41,2026-03-09 13:57:04,101,BBMM-GOO-BB-16,BBMM-GOO-BB-16,alert.2026-03-12_0550.log
arbor_10592712,Completed,BBMM-MOR-01,BBMM-MOR-01_1@00f42f-00148-0,206.47.250.154/32,OTHER,803.1 Mbps,803150000,79.8K pps,79820,2026-03-09 12:43:53,2026-03-09 12:48:04,4,BBMM-MOR-01,BBMM-MOR-01,alert.2026-03-12_0550.log
arbor_10592713,Completed,BBMM-MOR-01,BBMM-MOR-01_1@00f430-00148-0,206.47.250.154/32,OTHER,608.4 Mbps,608400000,61.4K pps,61390,2026-03-09 12:49:54,2026-03-09 12:54:00,4,BBMM-MOR-01,BBMM-MOR-01,alert.2026-03-12_0550.log
arbor_10592714,Completed,BBMM-MOR-01,BBMM-MOR-01_1@00f431-00148-0,206.47.250.154/32,OTHER,615.8 Mbps,615770000,61.7K pps,61720,2026-03-09 13:03:51,2026-03-09 13:08:02,4,BBMM-MOR-01,BBMM-MOR-01,alert.2026-03-12_0550.log
arbor_10592807,Completed,BBMM-OMER-03,BBMM-OMER-03_1@00f432-00106-0,207.236.175.10/32,OTHER,876.0 Mbps,876010000,73.1K pps,73140,2026-03-09 20:34:52,2026-03-09 20:40:03,5,BBMM-OMER-03,BBMM-OMER-03,alert.2026-03-12_0550.log
arbor_10592831,Completed,SOC_IAAS_J0400_Consumer_CGNATv4,SOC_IAAS_J0400_Consumer_CGNATv4_1@00f433-0008f-0,216.208.243.40/32,OTHER,4.06 Gbps,4059999992,430.9K pps,430880,2026-03-09 22:32:58,2026-03-09 22:40:00,7,SOC_IAAS_J0400_Consumer_CGNATv4,SOC_IAAS_J0400_Consumer_CGNATv4,alert.2026-03-12_0550.log
arbor_10592857,Completed,BBMM_LCM_02,BBMM_LCM_02_1@00f434-0016e-0,199.47.56.180/32,UDP,394.4 Mbps,394370000,30.1K pps,30080,2026-03-10 00:21:18,2026-03-10 00:32:01,10,BBMM_LCM_02,BBMM_LCM_02,alert.2026-03-12_0550.log
arbor_10592877,Completed,BBMM-GOO-BB-14,BBMM-GOO-BB-14_1@00f435-00183-0,142.127.106.177/32,UDP,116.0 Mbps,115950000,11.3K pps,11330,2026-03-10 01:18:40,2026-03-10 01:23:03,4,BBMM-GOO-BB-14,BBMM-GOO-BB-14,alert.2026-03-12_0550.log
arbor_10593010,Completed,BBMM-VDML-01,BBMM-VDML-01_1@00f436-00025-0,142.246.253.2/32,OTHER,1.82 Gbps,1820000000,169.3K pps,169270,2026-03-10 16:39:51,2026-03-10 16:47:02,7,BBMM-VDML-01,BBMM-VDML-01,alert.2026-03-12_0550.log
arbor_10593015,Completed,BBMM-GOO-BB-14,BBMM-GOO-BB-14_1@00f437-00183-0,142.127.104.183/32,UDP,120.2 Mbps,120220000,11.2K pps,11200,2026-03-10 17:02:35,2026-03-10 17:07:04,4,BBMM-GOO-BB-14,BBMM-GOO-BB-14,alert.2026-03-12_0550.log
arbor_10593019,Completed,SOC-IT-ALIANTSTJOHN-DMZ,SOC-IT-ALIANTSTJOHN-DMZ_2@00f438-00046-0,142.166.165.139/32,OTHER,37.9 Mbps,37860000,3.8K pps,3800,2026-03-10 17:19:51,2026-03-10 17:46:02,26,SOC-IT-ALIANTSTJOHN-DMZ,SOC-IT-ALIANTSTJOHN-DMZ,alert.2026-03-12_0550.log
arbor_10593025,Completed,BBMM-GOO-BB-14,BBMM-GOO-BB-14_1@00f439-00183-0,142.127.104.183/32,OTHER,124.6 Mbps,124590000,10.7K pps,10670,2026-03-10 17:51:29,2026-03-10 17:56:03,4,BBMM-GOO-BB-14,BBMM-GOO-BB-14,alert.2026-03-12_0550.log
arbor_10593030,Completed,SOC-DORVAL-01,SOC-DORVAL-01_1@00f43a-000a0-0,206.172.0.197/32,OTHER,856.9 Mbps,856890000,73.1K pps,73070,2026-03-10 18:12:54,2026-03-10 18:21:05,8,SOC-DORVAL-01,SOC-DORVAL-01,alert.2026-03-12_0550.log
arbor_10593032,Completed,BBMM-GOO-BB-14,BBMM-GOO-BB-14_1@00f43b-00183-0,142.127.104.183/32,UDP,100.2 Mbps,100220000,8.4K pps,8400,2026-03-10 18:16:12,2026-03-10 18:21:05,4,BBMM-GOO-BB-14,BBMM-GOO-BB-14,alert.2026-03-12_0550.log
arbor_10593051,Completed,BBMM-GOO-BB-14,BBMM-GOO-BB-14_1@00f43c-00183-0,142.127.104.183/32,OTHER,129.3 Mbps,129259992,11.1K pps,11070,2026-03-10 19:10:59,2026-03-10 19:16:03,5,BBMM-GOO-BB-14,BBMM-GOO-BB-14,alert.2026-03-12_0550.log
arbor_10593074,Completed,BBMM-GOO-BB-16,BBMM-GOO-BB-16_1@00f43d-00127-0,174.90.73.234/32,UDP,350.6 Mbps,350570000,29.9K pps,29870,2026-03-10 20:17:19,2026-03-10 20:22:03,4,BBMM-GOO-BB-16,BBMM-GOO-BB-16,alert.2026-03-12_0550.log
arbor_10593206,Completed,BBMM-HPS-03,BBMM-HPS-03_1@00f43e-000b8-0,207.35.238.98/32,OTHER,523.3 Mbps,523340000,43.9K pps,43940,2026-03-11 03:08:52,2026-03-11 03:13:03,4,BBMM-HPS-03,BBMM-HPS-03,alert.2026-03-12_0550.log
arbor_10593216,Completed,SOC_IAAS_W6017_WHI_CGNATv4,SOC_IAAS_W6017_WHI_CGNATv4_1@00f43f-00027-0,142.127.7.109/32,OTHER,940.1 Mbps,940100000,1.00M pps,1000000,2026-03-11 04:29:22,2026-03-11 04:35:00,5,SOC_IAAS_W6017_WHI_CGNATv4,SOC_IAAS_W6017_WHI_CGNATv4,alert.2026-03-12_0550.log
arbor_10593242,Completed,SOC_IAAS_A0040_Consumer_CGNATv4,SOC_IAAS_A0040_Consumer_CGNATv4_1@00f440-00012-0,174.90.223.200/32,UDP,5.80 Gbps,5800000000,385.2K pps,385200,2026-03-11 08:31:34,2026-03-11 08:40:02,8,SOC_IAAS_A0040_Consumer_CGNATv4,,alert.2026-03-12_0550.log
arbor_10593246,Completed,SOC_IAAS_A0040_Consumer_CGNATv4,SOC_IAAS_A0040_Consumer_CGNATv4_1@00f440-00012-0,174.90.223.200/32,UDP,6.24 Gbps,6240000000,,0,2026-03-11 08:49:32,2026-03-11 08:54:04,4,,SOC_IAAS_A0040_Consumer_CGNATv4,alert.2026-03-12_0550.log
arbor_10593259,Completed,SOC_IAAS_A0040_Consumer_CGNATv4,SOC_IAAS_A0040_Consumer_CGNATv4_1@00f441-00012-0,174.90.223.200/32,UDP,7.16 Gbps,7160000000,390.4K pps,390400,2026-03-11 11:30:29,2026-03-11 11:35:04,4,SOC_IAAS_A0040_Consumer_CGNATv4,,alert.2026-03-12_0550.log
arbor_10593260,Completed,SOC_IAAS_A0040_Consumer_CGNATv4,SOC_IAAS_A0040_Consumer_CGNATv4_1@00f441-00012-0,174.90.223.200/32,UDP,8.09 Gbps,8090000000,,0,2026-03-11 11:38:08,2026-03-11 11:43:00,4,,SOC_IAAS_A0040_Consumer_CGNATv4,alert.2026-03-12_0550.log
arbor_10593263,Completed,SOC_Maskatel_03,SOC_Maskatel_03_1@00f442-00194-0,67.223.142.146/32,OTHER,966.8 Mbps,966790000,80.9K pps,80930,2026-03-11 11:58:21,2026-03-11 12:03:03,4,SOC_Maskatel_03,SOC_Maskatel_03,alert.2026-03-12_0550.log
arbor_10593276,Completed,SOC-IT-ALIANTSTJOHN-DMZ,SOC-IT-ALIANTSTJOHN-DMZ_2@00f443-00046-0,142.166.165.139/32,OTHER,38.3 Mbps,38340000,3.6K pps,3600,2026-03-11 13:02:51,2026-03-11 13:08:01,5,SOC-IT-ALIANTSTJOHN-DMZ,SOC-IT-ALIANTSTJOHN-DMZ,alert.2026-03-12_0550.log
arbor_10593281,Completed,SOC-IT-ALIANTSTJOHN-DMZ,SOC-IT-ALIANTSTJOHN-DMZ_2@00f444-00046-0,142.166.165.139/32,OTHER,32.8 Mbps,32830000,3.1K pps,3090,2026-03-11 13:24:54,2026-03-11 13:30:04,5,SOC-IT-ALIANTSTJOHN-DMZ,SOC-IT-ALIANTSTJOHN-DMZ,alert.2026-03-12_0550.log
arbor_10593283,Completed,SOC_IAAS_A0040_Consumer_CGNATv4,SOC_IAAS_A0040_Consumer_CGNATv4_1@00f445-00012-0,174.90.223.200/32,UDP,6.53 Gbps,6530000000,385.6K pps,385600,2026-03-11 13:26:25,2026-03-11 13:34:00,7,SOC_IAAS_A0040_Consumer_CGNATv4,SOC_IAAS_A0040_Consumer_CGNATv4,alert.2026-03-12_0550.log
arbor_10593292,Completed,BBMM-GOO-BB-09,BBMM-GOO-BB-09_1@00f446-0017a-0,142.127.104.43/32,UDP,88.0 Mbps,88000000,8.2K pps,8250,2026-03-11 13:56:36,2026-03-11 14:03:02,6,BBMM-GOO-BB-09,BBMM-GOO-BB-09,alert.2026-03-12_0550.log
arbor_10593442,Completed,SOC-CrownIT-01,SOC-CrownIT-01_1@00f447-000ff-0,142.113.119.97/32,OTHER,1.49 Gbps,1490000000,126.6K pps,126560,2026-03-11 23:05:52,2026-03-11 23:11:03,5,SOC-CrownIT-01,SOC-CrownIT-01,alert.2026-03-12_0550.log
arbor_10593467,Completed,BBMM_LCM_02,BBMM_LCM_02_1@00f448-0016e-0,199.47.56.180/32,OTHER,350.0 Mbps,349970000,30.1K pps,30130,2026-03-12 00:32:55,2026-03-12 00:49:03,16,BBMM_LCM_02,BBMM_LCM_02,alert.2026-03-12_0550.log
arbor_10593591,Completed,SOC-Cablevision-01,SOC-Cablevision-01_1@00f449-000e4-0,184.150.80.71/32,OTHER,"47,368 bps",47368,67 pps,67,2026-03-12 11:29:53,2026-03-12 11:35:03,5,SOC-Cablevision-01,SOC-Cablevision-01,alert.2026-03-16_1627.log
arbor_10593592,Completed,BBMM-GOO-BB-16,BBMM-GOO-BB-16_1@00f44a-00127-0,204.101.124.210/32,UDP,320.5 Mbps,320510000,25.7K pps,25730,2026-03-12 11:41:09,2026-03-12 11:46:04,4,BBMM-GOO-BB-16,BBMM-GOO-BB-16,alert.2026-03-16_1627.log
arbor_10593598,Completed,BBMM-HPS-01,BBMM-HPS-01_1@00f44b-00141-0,67.71.252.130/32,OTHER,60.7 Mbps,60720000,5.9K pps,5870,2026-03-12 12:26:29,2026-03-12 12:32:05,5,BBMM-HPS-01,BBMM-HPS-01,alert.2026-03-16_1627.log
arbor_10593599,Completed,BBMM-GOO-BB-14,BBMM-GOO-BB-14_1@00f44c-00183-0,142.127.106.177/32,UDP,101.9 Mbps,101870000,8.7K pps,8670,2026-03-12 12:31:26,2026-03-12 12:36:00,4,BBMM-GOO-BB-14,BBMM-GOO-BB-14,alert.2026-03-16_1627.log
arbor_10593601,Completed,BBMM-HPS-01,BBMM-HPS-01_1@00f44d-00141-0,67.71.252.130/32,OTHER,58.3 Mbps,58340000,6.0K pps,6030,2026-03-12 12:36:50,2026-03-12 12:43:01,6,BBMM-HPS-01,BBMM-HPS-01,alert.2026-03-16_1627.log
arbor_10593610,Completed,SOC-IT-ALIANTSTJOHN-DMZ,SOC-IT-ALIANTSTJOHN-DMZ_2@00f44e-00046-0,142.166.165.139/32,OTHER,40.8 Mbps,40750000,3.8K pps,3830,2026-03-12 14:12:52,2026-03-12 14:18:03,5,SOC-IT-ALIANTSTJOHN-DMZ,SOC-IT-ALIANTSTJOHN-DMZ,alert.2026-03-16_1627.log
arbor_10593611,Completed,BBMM-SHAR-01,BBMM-SHAR-01_1@00f44f-000d5-0,205.194.16.248/32,OTHER,69.8 Mbps,69820000,6.0K pps,6020,2026-03-12 14:16:18,2026-03-12 14:45:01,28,BBMM-SHAR-01,,alert.2026-03-16_1627.log
arbor_10593612,Completed,BBMM-GOO-06,BBMM-GOO-06_1@00f450-00102-0,216.208.191.173/32,OTHER,"55,856 bps",55856,134 pps,134,2026-03-12 14:28:54,2026-03-12 14:34:00,5,BBMM-GOO-06,BBMM-GOO-06,alert.2026-03-16_1627.log
arbor_10593614,Completed,BBMM-SHAR-01,BBMM-SHAR-01_1@00f44f-000d5-0,205.194.16.248/32,OTHER,79.1 Mbps,79120000,,0,2026-03-12 14:45:19,2026-03-12 14:56:03,10,,BBMM-SHAR-01,alert.2026-03-16_1627.log
arbor_10593654,Completed,BBMM-GOO-BB-14,BBMM-GOO-BB-14_1@00f451-00183-0,70.54.218.18/32,UDP,80.1 Mbps,80080000,6.9K pps,6920,2026-03-12 17:16:14,2026-03-12 17:21:03,4,BBMM-GOO-BB-14,BBMM-GOO-BB-14,alert.2026-03-16_1627.log
arbor_10593660,Completed,BBMM-GOO-07,BBMM-GOO-07_1@00f452-0010a-0,206.172.39.52/32,OTHER,1.27 Gbps,1270000000,127.5K pps,127550,2026-03-12 17:29:53,2026-03-12 17:34:03,4,BBMM-GOO-07,BBMM-GOO-07,alert.2026-03-16_1627.log
arbor_10593684,Completed,TTC-EDGE-01,TTC-EDGE-01_1@00f453-00186-0,205.189.38.226/32,UDP,530.2 Mbps,530200000,44.2K pps,44180,2026-03-12 18:59:16,2026-03-12 19:04:03,4,TTC-EDGE-01,TTC-EDGE-01,alert.2026-03-16_1627.log
arbor_10593807,Completed,SOC_IAAS_A0040_Consumer_CGNATv4,SOC_IAAS_A0040_Consumer_CGNATv4_1@00f454-00012-0,174.90.223.161/32,UDP,11.28 Gbps,11280000000,850.1K pps,850130,2026-03-13 04:31:27,2026-03-13 04:37:03,5,SOC_IAAS_A0040_Consumer_CGNATv4,SOC_IAAS_A0040_Consumer_CGNATv4,alert.2026-03-16_1627.log
arbor_10593863,Completed,BBMM-GOO-BB-12,BBMM-GOO-BB-12_1@00f455-0017d-0,65.93.239.18/32,UDP,65.4 Mbps,65410000,10.2K pps,10170,2026-03-13 12:29:40,2026-03-13 12:48:04,18,BBMM-GOO-BB-12,BBMM-GOO-BB-12,alert.2026-03-16_1627.log
arbor_10593867,Completed,BBMM-GOO-BB-16,BBMM-GOO-BB-16_1@00f456-00127-0,174.90.3.82/32,UDP,310.2 Mbps,310160000,26.4K pps,26400,2026-03-13 12:48:42,2026-03-13 12:53:04,4,BBMM-GOO-BB-16,BBMM-GOO-BB-16,alert.2026-03-16_1627.log
arbor_10593869,Completed,BBMM-GOO-BB-12,BBMM-GOO-BB-12_1@00f457-0017d-0,65.93.239.18/32,UDP,64.5 Mbps,64500000,10.2K pps,10170,2026-03-13 12:53:12,2026-03-13 13:00:00,6,BBMM-GOO-BB-12,BBMM-GOO-BB-12,alert.2026-03-16_1627.log
arbor_10593874,Completed,BBMM-GMIC-01,BBMM-GMIC-01_1@00f458-0013f-0,207.164.26.130/32,OTHER,428.3 Mbps,428310000,41.5K pps,41500,2026-03-13 13:27:52,2026-03-13 13:34:02,6,BBMM-GMIC-01,BBMM-GMIC-01,alert.2026-03-16_1627.log
arbor_10593879,Completed,BBMM-GOO-BB-12,BBMM-GOO-BB-12_1@00f459-0017d-0,65.93.239.18/32,UDP,85.7 Mbps,85730000,7.4K pps,7420,2026-03-13 13:49:45,2026-03-13 13:59:03,9,BBMM-GOO-BB-12,BBMM-GOO-BB-12,alert.2026-03-16_1627.log
arbor_10593883,Completed,BBMM-GOO-BB-14,BBMM-GOO-BB-14_1@00f45a-00183-0,142.127.104.183/32,UDP,106.7 Mbps,106710000,9.1K pps,9070,2026-03-13 14:08:47,2026-03-13 14:17:02,8,BBMM-GOO-BB-14,BBMM-GOO-BB-14,alert.2026-03-16_1627.log
arbor_10593892,Completed,BBMM-GMIC-01,BBMM-GMIC-01_1@00f45b-0013f-0,207.164.26.130/32,OTHER,425.6 Mbps,425610000,41.2K pps,41240,2026-03-13 14:45:50,2026-03-13 14:52:03,6,BBMM-GMIC-01,BBMM-GMIC-01,alert.2026-03-16_1627.log
arbor_10593962,Completed,SOC-BTCE-01,,142.177.160.185/32,OTHER,"100,824 bps",100824,252 pps,252,2026-03-13 18:33:53,2026-03-13 18:39:03,5,SOC-BTCE-01,SOC-BTCE-01,alert.2026-03-16_1627.log
arbor_10593971,Completed,BBMM-LSY-02,BBMM-LSY-02_1@00f45d-0015e-0,209.226.40.154/32,OTHER,450.9 Mbps,450910000,39.7K pps,39730,2026-03-13 18:59:12,2026-03-13 19:04:04,4,BBMM-LSY-02,BBMM-LSY-02,alert.2026-03-16_1627.log
arbor_10593975,Completed,BBMM-LSY-02,BBMM-LSY-02_1@00f45e-0015e-0,209.226.40.154/32,OTHER,467.9 Mbps,467870000,41.2K pps,41200,2026-03-13 19:15:55,2026-03-13 19:21:02,5,BBMM-LSY-02,BBMM-LSY-02,alert.2026-03-16_1627.log
arbor_10593979,Completed,SOC-BTCE-01,,142.177.160.185/32,OTHER,"749,616 bps",749616,168 pps,168,2026-03-13 19:43:55,2026-03-13 19:54:01,10,SOC-BTCE-01,SOC-BTCE-01,alert.2026-03-16_1627.log
arbor_10593990,Completed,SOC-CrownIT-01,SOC-CrownIT-01_1@00f460-000ff-0,142.113.119.99/32,OTHER,1.73 Gbps,1730000000,146.5K pps,146470,2026-03-13 20:54:54,2026-03-13 21:00:00,5,SOC-CrownIT-01,SOC-CrownIT-01,alert.2026-03-16_1627.log
arbor_10594001,Completed,SOC-BTCE-01,,142.177.160.185/32,OTHER,"66,040 bps",66040,168 pps,168,2026-03-13 22:07:54,2026-03-13 22:35:03,27,SOC-BTCE-01,SOC-BTCE-01,alert.2026-03-16_1627.log
arbor_10594042,Completed,SOC_IAAS_J0400_Consumer_CGNATv4,SOC_IAAS_J0400_Consumer_CGNATv4_1@00f462-0008f-0,216.208.243.37/32,OTHER,4.01 Gbps,4010000000,819.8K pps,819770,2026-03-14 00:27:58,2026-03-14 00:33:04,5,SOC_IAAS_J0400_Consumer_CGNATv4,SOC_IAAS_J0400_Consumer_CGNATv4,alert.2026-03-16_1627.log
arbor_10594078,Completed,SOC_IAAS_W6017_WHI_CGNATv4,SOC_IAAS_W6017_WHI_CGNATv4_1@00f463-00027-0,142.127.7.109/32,OTHER,1.26 Gbps,1260000000,1.05M pps,1050000,2026-03-14 03:53:18,2026-03-14 03:59:03,5,SOC_IAAS_W6017_WHI_CGNATv4,,alert.2026-03-16_1627.log
arbor_10594086,Completed,SOC_IAAS_W6017_WHI_CGNATv4,SOC_IAAS_W6017_WHI_CGNATv4_1@00f463-00027-0,142.127.7.109/32,OTHER,6.61 Gbps,6610000000,,0,2026-03-14 04:39:12,2026-03-14 04:46:04,6,,SOC_IAAS_W6017_WHI_CGNATv4,alert.2026-03-16_1627.log
arbor_10594138,Completed,SOC-CrownIT-01,SOC-CrownIT-01_1@00f464-000ff-0,142.113.119.97/32,OTHER,3.13 Gbps,3130000000,265.9K pps,265890,2026-03-14 13:45:54,2026-03-14 13:55:00,9,SOC-CrownIT-01,SOC-CrownIT-01,alert.2026-03-16_1627.log
arbor_10594223,Completed,BBMM-GOO-BB-14,BBMM-GOO-BB-14_1@00f465-00183-0,142.127.106.177/32,UDP,112.9 Mbps,112910000,9.6K pps,9600,2026-03-14 18:22:40,2026-03-14 18:28:02,5,BBMM-GOO-BB-14,BBMM-GOO-BB-14,alert.2026-03-16_1627.log
arbor_10594255,Completed,BBMM-GOO-BB-14,BBMM-GOO-BB-14_1@00f466-00183-0,142.127.106.177/32,UDP,76.1 Mbps,76060000,6.7K pps,6670,2026-03-14 22:02:22,2026-03-14 22:08:01,5,BBMM-GOO-BB-14,BBMM-GOO-BB-14,alert.2026-03-16_1627.log
arbor_10594340,Completed,SOC_IAAS_F1252_Consumer_CGNATv4,SOC_IAAS_F1252_Consumer_CGNATv4_1@00f467-00029-0,67.69.76.195/32,OTHER,233.0 Mbps,232990000,1.00M pps,1000000,2026-03-15 06:20:24,2026-03-15 06:25:00,4,SOC_IAAS_F1252_Consumer_CGNATv4,,alert.2026-03-16_1627.log
arbor_10594344,Completed,SOC_IAAS_F1252_Consumer_CGNATv4,SOC_IAAS_F1252_Consumer_CGNATv4_1@00f467-00029-0,67.69.76.195/32,OTHER,4.00 Gbps,4000000000,,0,2026-03-15 06:52:29,2026-03-15 06:57:02,4,,SOC_IAAS_F1252_Consumer_CGNATv4,alert.2026-03-16_1627.log
arbor_10594458,Completed,SOC_IAAS_J0400_Consumer_CGNATv4,SOC_IAAS_J0400_Consumer_CGNATv4_1@00f468-0008f-0,216.208.243.251/32,OTHER,4.00 Gbps,4000000000,426.1K pps,426070,2026-03-15 19:53:04,2026-03-15 19:59:02,5,SOC_IAAS_J0400_Consumer_CGNATv4,SOC_IAAS_J0400_Consumer_CGNATv4,alert.2026-03-16_1627.log
arbor_10594502,Completed,SOC_IAAS_J0400_Consumer_CGNATv4,SOC_IAAS_J0400_Consumer_CGNATv4_1@00f469-0008f-0,216.208.243.251/32,OTHER,751.0 Mbps,751020000,1.00M pps,1000000,2026-03-15 23:25:28,2026-03-15 23:30:02,4,SOC_IAAS_J0400_Consumer_CGNATv4,SOC_IAAS_J0400_Consumer_CGNATv4,alert.2026-03-16_1627.log
arbor_10594543,Completed,SOC_IAAS_F1252_Consumer_CGNATv4,SOC_IAAS_F1252_Consumer_CGNATv4_1@00f46a-00029-0,67.69.76.195/32,OTHER,5.35 Gbps,5350000000,567.2K pps,567240,2026-03-16 02:01:52,2026-03-16 02:06:02,4,SOC_IAAS_F1252_Consumer_CGNATv4,SOC_IAAS_F1252_Consumer_CGNATv4,alert.2026-03-16_1627.log
arbor_10594639,Completed,BBMM-MOR-01,BBMM-MOR-01_1@00f46b-00148-0,206.47.250.154/32,OTHER,603.8 Mbps,603760000,61.0K pps,61050,2026-03-16 12:56:54,2026-03-16 13:01:04,4,BBMM-MOR-01,BBMM-MOR-01,alert.2026-03-16_1627.log
arbor_10594764,Completed,SOC-BTCE-01,SOC-BTCE-01_1@00f46c-00140-0,142.177.160.185/32,OTHER,"154,688 bps",154688,253 pps,253,2026-03-16 22:35:51,2026-03-16 22:44:02,8,SOC-BTCE-01,SOC-BTCE-01,alert.2026-03-20_1844.log
arbor_10594809,Completed,BBMM_LCM_02,BBMM_LCM_02_1@00f46d-0016e-0,199.47.56.180/32,UDP,315.6 Mbps,315550000,27.4K pps,27390,2026-03-17 00:21:53,2026-03-17 00:28:04,6,BBMM_LCM_02,BBMM_LCM_02,alert.2026-03-20_1844.log
arbor_10594812,Completed,SOC-BTCE-01,SOC-BTCE-01_1@00f46e-00140-0,142.177.160.185/32,OTHER,"442,888 bps",442888,254 pps,254,2026-03-17 00:33:50,2026-03-17 00:54:04,20,SOC-BTCE-01,SOC-BTCE-01,alert.2026-03-20_1844.log
arbor_10594818,Completed,SOC_IAAS_W6017_WHI_CGNATv4,SOC_IAAS_W6017_WHI_CGNATv4_1@00f46f-00027-0,142.127.6.3/32,OTHER,435.0 Mbps,435000000,1.01M pps,1010000,2026-03-17 00:41:09,2026-03-17 00:49:03,7,SOC_IAAS_W6017_WHI_CGNATv4,SOC_IAAS_W6017_WHI_CGNATv4,alert.2026-03-20_1844.log
arbor_10594820,Completed,SOC-BTCE-01,SOC-BTCE-01_1@00f470-00140-0,142.177.160.185/32,OTHER,"245,144 bps",245144,169 pps,169,2026-03-17 01:32:51,2026-03-17 02:25:01,52,SOC-BTCE-01,SOC-BTCE-01,alert.2026-03-20_1844.log
arbor_10594965,Completed,BBMM-GMC-01,BBMM-GMC-01_1@00f471-00131-0,206.47.108.67/32,OTHER,197.7 Mbps,197690000,17.4K pps,17400,2026-03-17 15:28:55,2026-03-17 15:33:00,4,BBMM-GMC-01,BBMM-GMC-01,alert.2026-03-20_1844.log
arbor_10594982,Completed,BBMM-GOO-BB-14,BBMM-GOO-BB-14_1@00f472-00183-0,142.127.104.183/32,OTHER,160.3 Mbps,160290000,20.1K pps,20130,2026-03-17 17:03:39,2026-03-17 17:14:02,10,BBMM-GOO-BB-14,BBMM-GOO-BB-14,alert.2026-03-20_1844.log
arbor_10595020,Completed,BBMM-GMC-01,BBMM-GMC-01_1@00f473-00131-0,206.47.108.67/32,OTHER,215.1 Mbps,215100000,19.2K pps,19160,2026-03-17 19:19:53,2026-03-17 19:24:04,4,BBMM-GMC-01,BBMM-GMC-01,alert.2026-03-20_1844.log
arbor_10595021,Completed,BBMM-GOO-BB-14,BBMM-GOO-BB-14_1@00f474-00183-0,142.127.104.183/32,UDP,108.6 Mbps,108610000,9.3K pps,9330,2026-03-17 19:23:28,2026-03-17 19:31:00,7,BBMM-GOO-BB-14,BBMM-GOO-BB-14,alert.2026-03-20_1844.log
arbor_10595027,Completed,BBMM-GOO-07,BBMM-GOO-07_1@00f475-0010a-0,206.172.39.53/32,OTHER,793.0 Mbps,792990000,109.5K pps,109470,2026-03-17 19:45:53,2026-03-17 20:04:01,18,BBMM-GOO-07,BBMM-GOO-07,alert.2026-03-20_1844.log
arbor_10595034,Completed,SOC-Telebec-01,SOC-Telebec-01_1@00f476-00061-0,142.217.217.101/32,OTHER,514.0 Mbps,513990000,43.1K pps,43070,2026-03-17 20:17:32,2026-03-17 20:23:04,5,SOC-Telebec-01,SOC-Telebec-01,alert.2026-03-20_1844.log
arbor_10595058,Completed,SOC_IAAS_J0400_Consumer_CGNATv4,SOC_IAAS_J0400_Consumer_CGNATv4_1@00f477-0008f-0,216.208.243.2/32,ICMP,2.16 Gbps,2160000000,250.1K pps,250130,2026-03-17 21:58:37,2026-03-17 22:05:02,6,SOC_IAAS_J0400_Consumer_CGNATv4,SOC_IAAS_J0400_Consumer_CGNATv4,alert.2026-03-20_1844.log
arbor_10595065,Completed,BBMM-GOO-07,BBMM-GOO-07_1@00f478-0010a-0,206.172.39.53/32,OTHER,1.45 Gbps,1450000000,152.9K pps,152910,2026-03-17 22:17:54,2026-03-17 22:44:04,26,BBMM-GOO-07,BBMM-GOO-07,alert.2026-03-20_1844.log
arbor_10595232,Completed,BBMM-GOO-BB-14,BBMM-GOO-BB-14_1@00f479-00183-0,184.149.136.82/32,UDP,134.5 Mbps,134470000,12.0K pps,11960,2026-03-18 12:28:52,2026-03-18 12:33:03,4,BBMM-GOO-BB-14,BBMM-GOO-BB-14,alert.2026-03-20_1844.log
arbor_10595238,Completed,BBMM-GOO-BB-12,BBMM-GOO-BB-12_1@00f47a-0017d-0,142.127.105.189/32,UDP,96.0 Mbps,96030000,8.2K pps,8170,2026-03-18 13:08:04,2026-03-18 13:13:02,4,BBMM-GOO-BB-12,BBMM-GOO-BB-12,alert.2026-03-20_1844.log
arbor_10595250,Completed,SOC-IT-ALIANTSTJOHN-DMZ,SOC-IT-ALIANTSTJOHN-DMZ_2@00f47b-00046-0,142.166.165.146/32,OTHER,107.3 Mbps,107310000,10.7K pps,10660,2026-03-18 14:16:54,2026-03-18 14:22:01,5,SOC-IT-ALIANTSTJOHN-DMZ,SOC-IT-ALIANTSTJOHN-DMZ,alert.2026-03-20_1844.log
arbor_10595256,Completed,BBMM-GOO-BB-14,BBMM-GOO-BB-14_1@00f47c-00183-0,142.127.104.183/32,UDP,81.2 Mbps,81190000,7.1K pps,7070,2026-03-18 14:21:21,2026-03-18 14:27:03,5,BBMM-GOO-BB-14,BBMM-GOO-BB-14,alert.2026-03-20_1844.log
arbor_10595267,Completed,SOC-IT-ALIANTSTJOHN-DMZ,SOC-IT-ALIANTSTJOHN-DMZ_2@00f47d-00046-0,142.166.165.139/32,OTHER,41.9 Mbps,41920000,4.0K pps,3960,2026-03-18 15:10:54,2026-03-18 15:26:02,15,SOC-IT-ALIANTSTJOHN-DMZ,SOC-IT-ALIANTSTJOHN-DMZ,alert.2026-03-20_1844.log
arbor_10595275,Completed,SOC-IT-ALIANTSTJOHN-DMZ,SOC-IT-ALIANTSTJOHN-DMZ_2@00f47e-00046-0,142.166.165.146/32,OTHER,114.7 Mbps,114700000,11.2K pps,11240,2026-03-18 16:41:54,2026-03-18 16:51:00,9,SOC-IT-ALIANTSTJOHN-DMZ,SOC-IT-ALIANTSTJOHN-DMZ,alert.2026-03-20_1844.log
arbor_10595283,Completed,BBMM-GOO-BB-14,BBMM-GOO-BB-14_1@00f47f-00183-0,142.127.104.183/32,OTHER,139.0 Mbps,139040000,22.3K pps,22270,2026-03-18 17:22:10,2026-03-18 17:32:01,9,BBMM-GOO-BB-14,BBMM-GOO-BB-14,alert.2026-03-20_1844.log
arbor_10595373,Completed,BBMM-SHAR-01,BBMM-SHAR-01_1@00f480-000d5-0,205.189.7.109/32,OTHER,14.3 Mbps,14290000,44.7K pps,44670,2026-03-18 22:04:34,2026-03-18 22:09:02,4,BBMM-SHAR-01,BBMM-SHAR-01,alert.2026-03-20_1844.log
arbor_10595426,Completed,BBMM-GOO-BB-14,BBMM-GOO-BB-14_1@00f481-00183-0,142.127.106.177/32,UDP,80.8 Mbps,80840000,7.8K pps,7830,2026-03-19 00:59:02,2026-03-19 01:04:02,5,BBMM-GOO-BB-14,BBMM-GOO-BB-14,alert.2026-03-20_1844.log
arbor_10595452,Completed,SOC_IAAS_J0400_Consumer_CGNATv4,SOC_IAAS_J0400_Consumer_CGNATv4_1@00f482-0008f-0,216.208.243.117/32,OTHER,536.4 Mbps,536370000,1.00M pps,1000000,2026-03-19 01:57:16,2026-03-19 02:03:00,5,SOC_IAAS_J0400_Consumer_CGNATv4,SOC_IAAS_J0400_Consumer_CGNATv4,alert.2026-03-20_1844.log
arbor_10595528,Completed,SOC_IAAS_W6017_WHI_CGNATv4,SOC_IAAS_W6017_WHI_CGNATv4_1@00f483-00027-0,142.127.6.104/32,OTHER,437.1 Mbps,437100000,1.02M pps,1020000,2026-03-19 06:54:52,2026-03-19 07:02:03,7,SOC_IAAS_W6017_WHI_CGNATv4,,alert.2026-03-20_1844.log
arbor_10595532,Completed,SOC_IAAS_W6017_WHI_CGNATv4,SOC_IAAS_W6017_WHI_CGNATv4_1@00f483-00027-0,142.127.6.104/32,OTHER,465.1 Mbps,465150000,,0,2026-03-19 07:03:43,2026-03-19 07:21:02,17,,SOC_IAAS_W6017_WHI_CGNATv4,alert.2026-03-20_1844.log
arbor_10595578,Completed,BBMM-MOR-01,BBMM-MOR-01_1@00f484-00148-0,206.47.250.154/32,OTHER,555.3 Mbps,555330000,56.7K pps,56680,2026-03-19 13:08:53,2026-03-19 13:13:04,4,BBMM-MOR-01,BBMM-MOR-01,alert.2026-03-20_1844.log
arbor_10595580,Completed,BBMM-SAIN-01,BBMM-SAIN-01_1@00f485-000b9-0,216.208.108.244/32,OTHER,"8,032 bps",8032,17 pps,17,2026-03-19 13:11:53,2026-03-19 13:16:04,4,BBMM-SAIN-01,BBMM-SAIN-01,alert.2026-03-20_1844.log
arbor_10595582,Completed,BBMM-OMER-03,BBMM-OMER-03_1@00f486-00106-0,207.236.175.10/32,OTHER,983.9 Mbps,983920000,84.8K pps,84750,2026-03-19 13:37:53,2026-03-19 13:42:03,4,BBMM-OMER-03,BBMM-OMER-03,alert.2026-03-20_1844.log
arbor_10595604,Completed,BBMM-GOO-BB-14,BBMM-GOO-BB-14_1@00f487-00183-0,142.127.104.183/32,UDP,79.8 Mbps,79770000,6.8K pps,6830,2026-03-19 15:02:53,2026-03-19 15:07:03,4,BBMM-GOO-BB-14,BBMM-GOO-BB-14,alert.2026-03-20_1844.log
arbor_10595728,Completed,SOC_IAAS_J0400_Consumer_CGNATv4,SOC_IAAS_J0400_Consumer_CGNATv4_1@00f488-0008f-0,216.208.243.193/32,OTHER,4.03 Gbps,4030000000,427.4K pps,427370,2026-03-20 00:17:02,2026-03-20 00:23:01,5,SOC_IAAS_J0400_Consumer_CGNATv4,SOC_IAAS_J0400_Consumer_CGNATv4,alert.2026-03-20_1844.log
arbor_10595823,Completed,SOC_IAAS_A0040_Consumer_CGNATv4,SOC_IAAS_A0040_Consumer_CGNATv4_1@00f489-00012-0,174.90.223.141/32,UDP,4.19 Gbps,4190000000,850.0K pps,850000,2026-03-20 09:51:19,2026-03-20 09:59:01,7,SOC_IAAS_A0040_Consumer_CGNATv4,SOC_IAAS_A0040_Consumer_CGNATv4,alert.2026-03-20_1844.log
arbor_10595848,Completed,SOC-IT-ALIANTSTJOHN-DMZ,SOC-IT-ALIANTSTJOHN-DMZ_2@00f48a-00046-0,142.166.165.139/32,OTHER,37.7 Mbps,37720000,3.6K pps,3590,2026-03-20 12:28:52,2026-03-20 12:33:02,4,SOC-IT-ALIANTSTJOHN-DMZ,SOC-IT-ALIANTSTJOHN-DMZ,alert.2026-03-20_1844.log
arbor_10595868,Completed,BBMM-GOO-BB-14,BBMM-GOO-BB-14_1@00f48b-00183-0,142.127.104.183/32,UDP,111.3 Mbps,111280000,9.6K pps,9600,2026-03-20 14:23:37,2026-03-20 14:28:03,4,BBMM-GOO-BB-14,BBMM-GOO-BB-14,alert.2026-03-20_1844.log
arbor_10595892,Completed,BBMM-GOO-BB-12,BBMM-GOO-BB-12_1@00f48c-0017d-0,67.71.196.98/32,UDP,75.9 Mbps,75920000,6.5K pps,6500,2026-03-20 15:57:24,2026-03-20 16:04:01,6,BBMM-GOO-BB-12,BBMM-GOO-BB-12,alert.2026-03-20_1844.log
arbor_10595893,Completed,BBMM-GOO-BB-16,BBMM-GOO-BB-16_1@00f48d-00127-0,207.35.76.170/32,UDP,345.1 Mbps,345110000,30.8K pps,30830,2026-03-20 16:00:42,2026-03-20 16:05:01,4,BBMM-GOO-BB-16,BBMM-GOO-BB-16,alert.2026-03-20_1844.log
arbor_10595904,Completed,BBMM-OMER-03,BBMM-OMER-03_1@00f48e-00106-0,207.236.175.10/32,OTHER,928.9 Mbps,928870000,77.4K pps,77410,2026-03-20 16:58:53,2026-03-20 17:04:04,5,BBMM-OMER-03,BBMM-OMER-03,alert.2026-03-20_1844.log
arbor_10595948,Completed,BBMM-GOO-BB-16,BBMM-GOO-BB-16_1@00f48f-00127-0,207.35.76.170/32,UDP,309.2 Mbps,309220000,27.5K pps,27500,2026-03-20 19:13:22,2026-03-20 19:20:00,6,BBMM-GOO-BB-16,BBMM-GOO-BB-16,alert.2026-03-20_1844.log
arbor_10595949,Completed,BBMM-GOO-BB-14,BBMM-GOO-BB-14_1@00f490-00183-0,142.127.106.177/32,UDP,127.1 Mbps,127080000,7.7K pps,7670,2026-03-20 19:13:39,2026-03-20 19:27:01,13,BBMM-GOO-BB-14,,alert.2026-03-20_1844.log
arbor_10595952,Completed,BBMM-GOO-BB-14,BBMM-GOO-BB-14_1@00f490-00183-0,142.127.106.177/32,UDP,115.3 Mbps,115310000,,0,2026-03-20 19:27:57,2026-03-20 19:40:03,12,,BBMM-GOO-BB-14,alert.2026-03-20_1844.log
arbor_10595963,Completed,SOC_IAAS_J0400_Consumer_CGNATv4,SOC_IAAS_J0400_Consumer_CGNATv4_1@00f491-0008f-0,216.208.243.138/32,ICMP,9.52 Gbps,9520000000,250.1K pps,250130,2026-03-20 20:49:22,2026-03-20 21:01:04,11,SOC_IAAS_J0400_Consumer_CGNATv4,SOC_IAAS_J0400_Consumer_CGNATv4,alert.2026-03-20_1844.log
arbor_10596018,Completed,SOC-DMTS-01,,64.202.158.11/32,OTHER,139.3 Mbps,139260000,300.1K pps,300130,2026-03-20 23:17:59,2026-03-20 23:27:00,9,SOC-DMTS-01 (Pending),,alert.2026-03-26_1804.log
arbor_10596110,Completed,BBMM-GOO-BB-16,BBMM-GOO-BB-16_1@00f493-00127-0,174.90.4.34/32,OTHER,328.6 Mbps,328550000,49.3K pps,49320,2026-03-21 08:50:53,2026-03-21 08:55:04,4,BBMM-GOO-BB-16,BBMM-GOO-BB-16,alert.2026-03-26_1804.log
arbor_10596255,Completed,SOC_IAAS_J0400_Consumer_CGNATv4,SOC_IAAS_J0400_Consumer_CGNATv4_1@00f494-0008f-0,216.208.243.102/32,OTHER,4.01 Gbps,4010000000,425.9K pps,425870,2026-03-21 20:59:38,2026-03-21 21:05:01,5,SOC_IAAS_J0400_Consumer_CGNATv4,SOC_IAAS_J0400_Consumer_CGNATv4,alert.2026-03-26_1804.log
arbor_10596532,Completed,SOC-ICN-MyAccoVirginMobile,SOC-ICN-MyAccoVirginMobile_1@00f495-00048-0,184.150.212.209/32,OTHER,21.1 Mbps,21100000,2.4K pps,2420,2026-03-22 20:08:53,2026-03-22 20:13:04,4,SOC-ICN-MyAccoVirginMobile,SOC-ICN-MyAccoVirginMobile,alert.2026-03-26_1804.log
arbor_10596660,Completed,SOC-DNS-BI-Reverse_Zone,,207.236.176.21/32,OTHER,15.1 Mbps,15060000,22.5K pps,22500,2026-03-23 05:40:50,2026-03-23 05:46:01,5,SOC-DNS-BI-Reverse_Zone,,alert.2026-03-26_1804.log
arbor_10596719,Completed,BBMM-MOR-01,BBMM-MOR-01_1@00f496-00148-0,206.47.250.154/32,OTHER,549.6 Mbps,549580000,58.4K pps,58370,2026-03-23 12:58:52,2026-03-23 13:07:02,8,BBMM-MOR-01,BBMM-MOR-01,alert.2026-03-26_1804.log
arbor_10596751,Completed,BBMM-GOO-BB-13,BBMM-GOO-BB-13_1@00f497-00182-0,70.54.223.34/32,OTHER,105.3 Mbps,105310000,16.0K pps,16040,2026-03-23 15:46:54,2026-03-23 16:08:04,21,BBMM-GOO-BB-13,BBMM-GOO-BB-13,alert.2026-03-26_1804.log
arbor_10596771,Completed,BBMM-GOO-BB-14,BBMM-GOO-BB-14_1@00f498-00183-0,142.127.106.177/32,OTHER,163.9 Mbps,163940000,15.3K pps,15330,2026-03-23 17:14:00,2026-03-23 17:20:03,6,BBMM-GOO-BB-14,BBMM-GOO-BB-14,alert.2026-03-26_1804.log
arbor_10596795,Completed,SOC-ICN-MyAccoVirginMobile,SOC-ICN-MyAccoVirginMobile_1@00f499-00048-0,184.150.212.209/32,OTHER,23.0 Mbps,23020000,2.3K pps,2280,2026-03-23 18:44:52,2026-03-23 19:07:02,22,SOC-ICN-MyAccoVirginMobile,SOC-ICN-MyAccoVirginMobile,alert.2026-03-26_1804.log
arbor_10596837,Completed,SOC_IAAS_J0400_Consumer_CGNATv4,SOC_IAAS_J0400_Consumer_CGNATv4_1@00f49a-0008f-0,216.208.243.188/32,OTHER,4.06 Gbps,4059999992,430.8K pps,430820,2026-03-23 20:53:07,2026-03-23 20:59:04,5,SOC_IAAS_J0400_Consumer_CGNATv4,SOC_IAAS_J0400_Consumer_CGNATv4,alert.2026-03-26_1804.log
arbor_10596908,Completed,SOC_IAAS_J0400_Consumer_CGNATv4,SOC_IAAS_J0400_Consumer_CGNATv4_1@00f49b-0008f-0,216.208.243.39/32,OTHER,9.52 Gbps,9520000000,456.3K pps,456270,2026-03-24 00:45:36,2026-03-24 00:50:02,4,SOC_IAAS_J0400_Consumer_CGNATv4,SOC_IAAS_J0400_Consumer_CGNATv4,alert.2026-03-26_1804.log
arbor_10596958,Completed,SOC-VSAC-Lab,SOC-VSAC-Lab_1@00f49c-00089-0,207.236.202.114/32,OTHER,20.4 Mbps,20410000,1.7K pps,1720,2026-03-24 04:32:20,2026-03-24 04:37:04,4,SOC-VSAC-Lab,SOC-VSAC-Lab,alert.2026-03-26_1804.log
arbor_10597013,Completed,BBMM-GOO-BB-14,BBMM-GOO-BB-14_1@00f49d-00183-0,142.127.104.183/32,UDP,82.2 Mbps,82250000,7.2K pps,7200,2026-03-24 07:23:52,2026-03-24 07:30:04,6,BBMM-GOO-BB-14,BBMM-GOO-BB-14,alert.2026-03-26_1804.log
arbor_10597059,Completed,BBMM-GOO-BB-14,BBMM-GOO-BB-14_1@00f49e-00183-0,184.149.136.82/32,UDP,90.2 Mbps,90220000,7.9K pps,7920,2026-03-24 12:24:19,2026-03-24 12:29:03,4,BBMM-GOO-BB-14,BBMM-GOO-BB-14,alert.2026-03-26_1804.log
arbor_10597118,Completed,BBMM-LCBO-04,BBMM-LCBO-04_1@00f49f-000ef-0,67.69.166.10/32,OTHER,380.8 Mbps,380800000,31.7K pps,31730,2026-03-24 17:32:55,2026-03-24 17:39:04,6,BBMM-LCBO-04,BBMM-LCBO-04,alert.2026-03-26_1804.log
arbor_10597124,Completed,BBMM-SOF-01,BBMM-SOF-01_1@00f4a0-00168-0,174.90.95.19/32,OTHER,284.8 Mbps,284830000,27.6K pps,27600,2026-03-24 18:02:41,2026-03-24 18:07:03,4,BBMM-SOF-01,BBMM-SOF-01,alert.2026-03-26_1804.log
arbor_10597130,Completed,SOC-IT-ALIANTSTJOHN-DMZ,SOC-IT-ALIANTSTJOHN-DMZ_2@00f4a1-00046-0,142.166.165.146/32,OTHER,117.8 Mbps,117800000,11.5K pps,11480,2026-03-24 18:36:52,2026-03-24 18:45:03,8,SOC-IT-ALIANTSTJOHN-DMZ,SOC-IT-ALIANTSTJOHN-DMZ,alert.2026-03-26_1804.log
arbor_10597148,Completed,BBMM-GOO-BB-14,BBMM-GOO-BB-14_1@00f4a2-00183-0,184.149.136.82/32,UDP,106.8 Mbps,106790000,9.1K pps,9070,2026-03-24 19:12:37,2026-03-24 19:18:03,5,BBMM-GOO-BB-14,BBMM-GOO-BB-14,alert.2026-03-26_1804.log
arbor_10597352,Completed,BBMM-GOO-BB-14,BBMM-GOO-BB-14_1@00f4a3-00183-0,142.127.106.177/32,OTHER,128.1 Mbps,128050000,12.1K pps,12130,2026-03-25 11:36:05,2026-03-25 11:42:04,5,BBMM-GOO-BB-14,BBMM-GOO-BB-14,alert.2026-03-26_1804.log
arbor_10597358,Completed,BBMM-MOR-01,BBMM-MOR-01_1@00f4a4-00148-0,206.47.250.154/32,OTHER,671.6 Mbps,671590000,64.8K pps,64780,2026-03-25 12:01:52,2026-03-25 12:17:03,15,BBMM-MOR-01,BBMM-MOR-01,alert.2026-03-26_1804.log
arbor_10597359,Completed,BBMM-GOO-BB-14,BBMM-GOO-BB-14_1@00f4a5-00183-0,142.127.106.177/32,OTHER,153.4 Mbps,153450000,14.4K pps,14400,2026-03-25 12:02:43,2026-03-25 12:10:03,7,BBMM-GOO-BB-14,BBMM-GOO-BB-14,alert.2026-03-26_1804.log
arbor_10597368,Completed,BBMM-MOR-01,BBMM-MOR-01_1@00f4a6-00148-0,206.47.250.154/32,OTHER,532.1 Mbps,532110000,51.9K pps,51920,2026-03-25 12:31:53,2026-03-25 12:43:03,11,BBMM-MOR-01,BBMM-MOR-01,alert.2026-03-26_1804.log
arbor_10597371,Completed,BBMM-MOR-01,BBMM-MOR-01_1@00f4a7-00148-0,206.47.250.154/32,OTHER,576.1 Mbps,576120000,58.6K pps,58610,2026-03-25 12:48:54,2026-03-25 12:59:00,10,BBMM-MOR-01,BBMM-MOR-01,alert.2026-03-26_1804.log
arbor_10597378,Completed,BBMM-GOO-BB-12,BBMM-GOO-BB-12_1@00f4a8-0017d-0,74.13.225.2/32,UDP,76.9 Mbps,76890000,6.6K pps,6580,2026-03-25 13:22:32,2026-03-25 13:41:01,18,BBMM-GOO-BB-12,,alert.2026-03-26_1804.log
arbor_10597383,Completed,BBMM-GOO-BB-12,BBMM-GOO-BB-12_1@00f4a8-0017d-0,74.13.225.2/32,UDP,158.3 Mbps,158330000,,0,2026-03-25 13:41:07,2026-03-25 14:01:00,19,,BBMM-GOO-BB-12,alert.2026-03-26_1804.log
arbor_10597384,Completed,BBMM-SHAR-01,BBMM-SHAR-01_1@00f4a9-000d5-0,205.193.40.5/32,OTHER,474.3 Mbps,474270000,40.1K pps,40120,2026-03-25 13:41:37,2026-03-25 13:46:03,4,BBMM-SHAR-01,BBMM-SHAR-01,alert.2026-03-26_1804.log
arbor_10597387,Completed,BBMM-GOO-BB-16,BBMM-GOO-BB-16_1@00f4aa-00127-0,207.236.248.26/32,UDP,313.9 Mbps,313900000,27.3K pps,27330,2026-03-25 14:06:20,2026-03-25 14:21:02,14,BBMM-GOO-BB-16,BBMM-GOO-BB-16,alert.2026-03-26_1804.log
arbor_10597406,Completed,BBMM-MOR-01,BBMM-MOR-01_1@00f4ab-00148-0,206.47.250.242/32,OTHER,1.08 Gbps,1080000000,90.4K pps,90400,2026-03-25 15:17:54,2026-03-25 15:22:04,4,BBMM-MOR-01,BBMM-MOR-01,alert.2026-03-26_1804.log
arbor_10597408,Completed,BBMM-GOO-BB-16,BBMM-GOO-BB-16_1@00f4ac-00127-0,207.35.24.42/32,UDP,303.0 Mbps,303040000,28.4K pps,28420,2026-03-25 15:33:11,2026-03-25 15:38:02,4,BBMM-GOO-BB-16,BBMM-GOO-BB-16,alert.2026-03-26_1804.log
arbor_10597409,Completed,BBMM-MOR-01,BBMM-MOR-01_1@00f4ad-00148-0,206.47.250.242/32,OTHER,636.2 Mbps,636200000,53.2K pps,53250,2026-03-25 15:35:51,2026-03-25 15:41:02,5,BBMM-MOR-01,BBMM-MOR-01,alert.2026-03-26_1804.log
arbor_10597413,Completed,BBMM-MOR-01,BBMM-MOR-01_1@00f4ae-00148-0,206.47.250.242/32,OTHER,629.4 Mbps,629430000,52.6K pps,52590,2026-03-25 15:54:50,2026-03-25 15:59:02,4,BBMM-MOR-01,BBMM-MOR-01,alert.2026-03-26_1804.log
arbor_10597449,Completed,BBMM-GOO-BB-14,BBMM-GOO-BB-14_1@00f4af-00183-0,184.149.136.82/32,UDP,89.9 Mbps,89940000,7.8K pps,7830,2026-03-25 18:17:36,2026-03-25 18:22:03,4,BBMM-GOO-BB-14,BBMM-GOO-BB-14,alert.2026-03-26_1804.log
arbor_10597453,Completed,BBMM-GOO-BB-14,BBMM-GOO-BB-14_2@00f4b0-00183-0,184.149.136.82/32,UDP,118.0 Mbps,117990000,10.2K pps,10250,2026-03-25 18:23:21,2026-03-25 18:28:03,4,BBMM-GOO-BB-14,BBMM-GOO-BB-14,alert.2026-03-26_1804.log
arbor_10597509,Completed,SOC-AliantDNS-01,,198.164.4.2/32,OTHER,3.5 Mbps,3450000,5.5K pps,5460,2026-03-25 22:04:53,2026-03-25 22:26:01,21,SOC-AliantDNS-01,,alert.2026-03-26_1804.log
arbor_10597511,Completed,SOC-AliantDNS-01,,198.164.30.2/32,OTHER,3.0 Mbps,3020000,4.8K pps,4810,2026-03-25 22:04:53,2026-03-25 22:14:04,9,SOC-AliantDNS-01,,alert.2026-03-26_1804.log
arbor_10597619,Completed,BBMM-CHEO-01,,192.139.231.5/32,OTHER,1.22 Gbps,1220000000,106.9K pps,106890,2026-03-26 03:15:50,2026-03-26 03:20:01,4,BBMM-CHEO-01 (Pending),,alert.2026-03-26_1804.log
arbor_10597645,Completed,SOC_IAAS_W0569_WHI_CGNATv4,SOC_IAAS_W0569_WHI_CGNATv4_1@00f4b4-00075-0,142.127.5.105/32,OTHER,4.05 Gbps,4050000000,520.5K pps,520480,2026-03-26 05:53:13,2026-03-26 06:00:00,6,SOC_IAAS_W0569_WHI_CGNATv4,SOC_IAAS_W0569_WHI_CGNATv4,alert.2026-03-26_1804.log
arbor_10597706,Completed,BBMM-ACC-01,BBMM-ACC-01_1@00f4b5-0010b-0,159.206.116.9/32,OTHER,303.0 Mbps,303010000,25.3K pps,25270,2026-03-26 12:21:15,2026-03-26 12:26:01,4,BBMM-ACC-01,BBMM-ACC-01,alert.2026-03-26_1804.log
arbor_10597712,Completed,BBMM-MOR-01,BBMM-MOR-01_1@00f4b6-00148-0,206.47.250.154/32,OTHER,536.3 Mbps,536270000,55.5K pps,55540,2026-03-26 12:55:53,2026-03-26 13:01:03,5,BBMM-MOR-01,BBMM-MOR-01,alert.2026-03-26_1804.log
arbor_10597722,Completed,SOC_IAAS_A0040_Consumer_CGNATv4,SOC_IAAS_A0040_Consumer_CGNATv4_1@00f4b7-00012-0,174.90.223.174/32,UDP,1.38 Gbps,1380000000,850.1K pps,850130,2026-03-26 13:22:18,2026-03-26 13:33:02,10,SOC_IAAS_A0040_Consumer_CGNATv4,SOC_IAAS_A0040_Consumer_CGNATv4,alert.2026-03-26_1804.log
arbor_10597723,Completed,BBMM-MOR-01,BBMM-MOR-01_1@00f4b8-00148-0,206.47.250.154/32,OTHER,514.0 Mbps,514010000,52.5K pps,52540,2026-03-26 13:22:52,2026-03-26 13:28:02,5,BBMM-MOR-01,BBMM-MOR-01,alert.2026-03-26_1804.log
arbor_10597726,Completed,BBMM-SQED-01,BBMM-SQED-01_1@00f4b9-0000a-0,207.164.32.234/32,OTHER,564.5 Mbps,564530000,48.3K pps,48270,2026-03-26 13:25:44,2026-03-26 13:30:02,4,BBMM-SQED-01,BBMM-SQED-01,alert.2026-03-26_1804.log
arbor_10597786,Completed,SOC-BTCE-OTT-01,SOC-BTCE-OTT-01_1@00f4ba-00147-0,184.150.213.180/32,OTHER,50.9 Mbps,50870000,35.2K pps,35250,2026-03-26 17:36:50,2026-03-26 17:56:02,19,SOC-BTCE-OTT-01,SOC-BTCE-OTT-01,alert.2026-03-26_1804.log
arbor_10597787,Completed,BBMM-MOR-01,BBMM-MOR-01_1@00f4bb-00148-0,206.47.250.154/32,OTHER,510.9 Mbps,510920000,55.7K pps,55700,2026-03-26 17:45:51,2026-03-26 18:00:03,14,BBMM-MOR-01,BBMM-MOR-01,alert.2026-03-26_1804.log
arbor_10597800,Completed,SOC-BTCE-OTT-01,SOC-BTCE-OTT-01_1@00f4bc-00147-0,184.150.213.180/32,OTHER,40.3 Mbps,40320000,27.5K pps,27480,2026-03-26 18:36:54,2026-03-26 18:58:02,21,SOC-BTCE-OTT-01,SOC-BTCE-OTT-01,alert.2026-03-26_1804.log
arbor_10597822,Completed,BBMM-LCBO-01,BBMM-LCBO-01_1@00f4bd-000da-0,204.101.154.202/32,OTHER,458.8 Mbps,458780000,38.4K pps,38380,2026-03-26 20:34:29,2026-03-26 20:39:03,4,BBMM-LCBO-01,BBMM-LCBO-01,alert.2026-03-26_1804.log
arbor_10597842,Completed,BBMM-GOO-BB-12,BBMM-GOO-BB-12_1@00f4be-0017d-0,74.13.225.2/32,UDP,75.3 Mbps,75260000,6.4K pps,6440,2026-03-26 22:05:51,2026-03-26 22:18:03,12,BBMM-GOO-BB-12,BBMM-GOO-BB-12,alert.2026-04-02_0806.log
arbor_10597848,Completed,BBMM-GOO-BB-12,BBMM-GOO-BB-12_1@00f4bf-0017d-0,74.13.225.2/32,UDP,119.2 Mbps,119230000,10.1K pps,10130,2026-03-26 22:24:43,2026-03-26 22:29:04,4,BBMM-GOO-BB-12,BBMM-GOO-BB-12,alert.2026-04-02_0806.log
arbor_10597989,Completed,SOC_IAAS_F1252_WHI_CGNATv4,SOC_IAAS_F1252_WHI_CGNATv4_1@00f4c0-0005a-0,142.127.0.10/32,OTHER,868.5 Mbps,868460000,1.00M pps,1000000,2026-03-27 08:49:30,2026-03-27 08:59:04,9,SOC_IAAS_F1252_WHI_CGNATv4,SOC_IAAS_F1252_WHI_CGNATv4,alert.2026-04-02_0806.log
arbor_10597993,Completed,SOC-Cove-01,,69.158.192.96/32,OTHER,"682,664 bps",682664,2.1K pps,2130,2026-03-27 09:41:09,2026-03-27 09:46:00,4,SOC-Cove-01 (Pending),,alert.2026-04-02_0806.log
arbor_10598034,Completed,SOC_Maskatel_03,SOC_Maskatel_03_1@00f4c2-00194-0,162.247.20.118/32,OTHER,967.2 Mbps,967240000,83.5K pps,83470,2026-03-27 13:10:26,2026-03-27 13:15:00,4,SOC_Maskatel_03,SOC_Maskatel_03,alert.2026-04-02_0806.log
arbor_10598039,Completed,SOC_Maskatel_03,SOC_Maskatel_03_1@00f4c3-00194-0,162.247.20.118/32,OTHER,1.51 Gbps,1510000000,130.3K pps,130270,2026-03-27 13:22:12,2026-03-27 13:27:02,4,SOC_Maskatel_03,SOC_Maskatel_03,alert.2026-04-02_0806.log
arbor_10598096,Completed,BBMM-LCBO-04,BBMM-LCBO-04_1@00f4c4-000ef-0,67.69.166.10/32,OTHER,323.0 Mbps,323000000,27.0K pps,26970,2026-03-27 17:29:10,2026-03-27 17:34:00,4,BBMM-LCBO-04,BBMM-LCBO-04,alert.2026-04-02_0806.log
arbor_10598110,Completed,BBMM-GOO-BB-16,BBMM-GOO-BB-16_1@00f4c5-00127-0,207.236.248.26/32,UDP,303.5 Mbps,303510000,26.0K pps,26000,2026-03-27 18:04:44,2026-03-27 18:09:03,4,BBMM-GOO-BB-16,BBMM-GOO-BB-16,alert.2026-04-02_0806.log
arbor_10598136,Completed,SOC_IAAS_A0040_Consumer_CGNATv4,SOC_IAAS_A0040_Consumer_CGNATv4_1@00f4c6-00012-0,174.90.223.142/32,UDP,4.14 Gbps,4139999992,850.0K pps,850000,2026-03-27 19:32:10,2026-03-27 19:38:04,5,SOC_IAAS_A0040_Consumer_CGNATv4,SOC_IAAS_A0040_Consumer_CGNATv4,alert.2026-04-02_0806.log
arbor_10598382,Completed,BBMM-HAC-01,BBMM-HAC-01_1@00f4c7-0017c-0,67.71.195.2/32,OTHER,805.8 Mbps,805800000,70.9K pps,70930,2026-03-28 16:24:43,2026-03-28 16:29:00,4,BBMM-HAC-01,BBMM-HAC-01,alert.2026-04-02_0806.log
arbor_10598433,Completed,SOC-CrownIT-01,SOC-CrownIT-01_1@00f4c8-000ff-0,142.113.118.131/32,OTHER,1.35 Gbps,1350000000,114.8K pps,114810,2026-03-28 18:15:53,2026-03-28 18:26:00,10,SOC-CrownIT-01,SOC-CrownIT-01,alert.2026-04-02_0806.log
arbor_10598734,Completed,SOC_IAAS_J0400_Consumer_CGNATv4,SOC_IAAS_J0400_Consumer_CGNATv4_1@00f4c9-0008f-0,216.208.243.98/32,OTHER,2.27 Gbps,2270000000,1.01M pps,1010000,2026-03-29 15:43:10,2026-03-29 15:49:02,5,SOC_IAAS_J0400_Consumer_CGNATv4,SOC_IAAS_J0400_Consumer_CGNATv4,alert.2026-04-02_0806.log
arbor_10598761,Completed,BBMM-GOO-BB-16,BBMM-GOO-BB-16_1@00f4ca-00127-0,207.236.134.138/32,UDP,323.5 Mbps,323540000,27.5K pps,27500,2026-03-29 17:53:35,2026-03-29 18:02:00,8,BBMM-GOO-BB-16,BBMM-GOO-BB-16,alert.2026-04-02_0806.log
arbor_10598764,Completed,BBMM-GOO-BB-16,BBMM-GOO-BB-16_1@00f4cb-00127-0,207.236.134.138/32,OTHER,432.2 Mbps,432240000,37.1K pps,37080,2026-03-29 18:12:50,2026-03-29 18:19:03,6,BBMM-GOO-BB-16,BBMM-GOO-BB-16,alert.2026-04-02_0806.log
arbor_10598961,Completed,BBMM-MOR-01,BBMM-MOR-01_1@00f4cc-00148-0,206.47.250.154/32,OTHER,525.6 Mbps,525559992,54.1K pps,54140,2026-03-30 12:00:51,2026-03-30 12:05:01,4,BBMM-MOR-01,BBMM-MOR-01,alert.2026-04-02_0806.log
arbor_10598966,Completed,BBMM-MOR-01,BBMM-MOR-01_1@00f4cd-00148-0,206.47.250.154/32,OTHER,536.7 Mbps,536659992,56.4K pps,56400,2026-03-30 12:26:50,2026-03-30 12:44:03,17,BBMM-MOR-01,BBMM-MOR-01,alert.2026-04-02_0806.log
arbor_10598970,Completed,BBMM-MOR-01,BBMM-MOR-01_2@00f4ce-00148-0,206.47.224.4/32,OTHER,981.4 Mbps,981440000,81.8K pps,81840,2026-03-30 12:35:51,2026-03-30 12:54:04,18,BBMM-MOR-01,BBMM-MOR-01,alert.2026-04-02_0806.log
arbor_10599030,Completed,BBMM-GOO-BB-06,BBMM-GOO-BB-06_1@00f4cf-0017e-0,142.127.104.189/32,OTHER,127.9 Mbps,127900000,10.8K pps,10850,2026-03-30 17:05:50,2026-03-30 17:10:01,4,BBMM-GOO-BB-06,BBMM-GOO-BB-06,alert.2026-04-02_0806.log
arbor_10599041,Completed,BBMM-GOO-BB-19,BBMM-GOO-BB-19_1@00f4d0-00185-0,67.71.194.98/32,OTHER,10.6 Mbps,10550000,891 pps,891,2026-03-30 18:45:53,2026-03-30 18:50:03,4,BBMM-GOO-BB-19,BBMM-GOO-BB-19,alert.2026-04-02_0806.log
arbor_10599053,Completed,BBMM-SHAR-06,BBMM-SHAR-06_1@00f4d1-000e3-0,67.69.3.23/32,OTHER,5.56 Gbps,5560000000,474.7K pps,474670,2026-03-30 19:05:43,2026-03-30 19:11:02,5,BBMM-SHAR-06,BBMM-SHAR-06,alert.2026-04-02_0806.log
arbor_10599089,Completed,SOC-DORVAL-01,SOC-DORVAL-01_1@00f4d2-000a0-0,206.172.0.197/32,OTHER,1.22 Gbps,1220000000,102.6K pps,102590,2026-03-30 22:11:52,2026-03-30 22:16:03,4,SOC-DORVAL-01,SOC-DORVAL-01,alert.2026-04-02_0806.log
arbor_10599286,Completed,BBMM-MOR-01,BBMM-MOR-01_1@00f4d3-00148-0,206.47.250.242/32,OTHER,604.5 Mbps,604550000,50.6K pps,50600,2026-03-31 15:03:53,2026-03-31 15:08:03,4,BBMM-MOR-01,BBMM-MOR-01,alert.2026-04-02_0806.log
arbor_10599293,Completed,BBMM-GOO-BB-16,BBMM-GOO-BB-16_1@00f4d4-00127-0,74.13.238.194/32,OTHER,351.6 Mbps,351580000,32.1K pps,32119,2026-03-31 15:34:44,2026-03-31 15:39:04,4,BBMM-GOO-BB-16,BBMM-GOO-BB-16,alert.2026-04-02_0806.log
arbor_10599336,Completed,SOC-ICN-MyAccoVirginMobile,SOC-ICN-MyAccoVirginMobile_1@00f4d5-00048-0,184.150.212.209/32,OTHER,21.9 Mbps,21910000,2.4K pps,2420,2026-03-31 19:13:54,2026-03-31 19:18:00,4,SOC-ICN-MyAccoVirginMobile,SOC-ICN-MyAccoVirginMobile,alert.2026-04-02_0806.log
arbor_10599379,Completed,BBMM-GOO-BB-14,BBMM-GOO-BB-14_1@00f4d6-00183-0,142.127.106.177/32,UDP,99.4 Mbps,99370000,8.8K pps,8800,2026-03-31 21:31:50,2026-03-31 21:37:03,5,BBMM-GOO-BB-14,BBMM-GOO-BB-14,alert.2026-04-02_0806.log
arbor_10599389,Completed,BBMM-LCBO-01,BBMM-LCBO-01_1@00f4d7-000da-0,204.101.154.202/32,OTHER,468.0 Mbps,468000000,39.0K pps,39000,2026-03-31 22:29:34,2026-03-31 22:35:03,5,BBMM-LCBO-01,BBMM-LCBO-01,alert.2026-04-02_0806.log
